NO,High
1,175.3593045
2,176.1709621
3,167.151844
4,174.4841763
5,168.5844679
6,164.7370021
7,175.6419237
8,178.8703083
9,174.7098286
10,170.6415168
11,174.6432333
12,168.527116
13,181.8748847
14,171.3174631
15,164.9403868
16,166.746226
17,174.8476165
18,171.1097657
19,184.8608582
20,172.0756899
21,182.9517924
22,170.5818816
23,160.8194278
24,166.6696644
25,161.4697793
26,181.007236
27,170.4705195
28,177.6117524
29,172.6871288
30,187.1125999
31,167.8566607
32,176.0644513
33,172.7077371
34,162.1830762
35,182.7950777
36,176.8266093
37,179.6484961
38,168.8397339
39,176.8226222
40,168.1696905
41,167.0419914
42,162.6076962
43,175.5849372
44,173.9241388
45,171.4576879
46,168.8510765
47,167.3494371
48,169.1582494
49,180.9220619
50,175.1434025
51,174.2079375
52,170.366407
53,176.9760734
54,175.4168199
55,182.0802072
56,177.0803229
57,169.6461065
58,166.521173
59,163.8057385
60,169.7946218
61,172.3466007
62,170.662639
63,168.6949901
64,168.2383968
65,176.2349824
66,169.0623082
67,179.0826549
68,177.7956957
69,170.7022255
70,167.9146144
71,159.5359918
72,169.3312312
73,169.7208182
74,167.6753254
75,167.3810379
76,174.6077014
77,175.7615283
78,167.8873715
79,176.0161439
80,173.5548822
81,170.2281311
82,169.7797022
83,174.4277814
84,171.3693472
85,166.7981925
86,174.6378355
87,175.2576677
88,160.8337031
89,170.5738743
90,174.1506087
91,178.685812
92,165.3932219
93,169.4568904
94,166.6922199
95,161.3778586
96,168.3580021
97,174.955026
98,176.0123139
99,177.2733309
100,177.7260537
101,178.5111438
102,171.7754735
103,176.4125286
104,177.2115551
105,167.2178274
106,165.6791401
107,168.6338563
108,167.2327589
109,177.9837419
110,172.1443275
111,167.8956242
112,179.2242398
113,170.6468779
114,179.6544784
115,164.444152
116,162.7659032
117,177.6173784
118,170.5766609
119,167.1511587
120,169.4886952
121,175.3223975
122,171.341824
123,176.1917126
124,169.7539565
125,167.8388893
126,172.7220327
127,169.7056808
128,186.280704
129,165.8456842
130,170.7680628
131,171.9389045
132,169.35206
133,171.7021421
134,185.3718413
135,169.1839386
136,172.9149184
137,177.2011461
138,172.0327936
139,173.3841947
140,167.4753139
141,170.4280396
142,176.4771496
143,175.2041063
144,162.6499634
145,174.9937798
146,180.3973143
147,171.8240292
148,173.6944985
149,173.0657639
150,163.5618664
151,165.4237836
152,176.2498054
153,168.9000046
154,166.0197096
155,167.4010213
156,167.3577849
157,174.1948726
158,178.3117419
159,167.0528239
160,169.0532504
161,162.8923451
162,176.7815016
163,169.9136441
164,168.4234012
165,181.9903433
166,176.5063064
167,169.8332709
168,165.2490082
169,171.7240341
170,168.480768
171,172.9644438
172,171.9626315
173,161.1055444
174,164.9253136
175,175.0430338
176,160.1900366
177,169.5605856
178,172.5926964
179,171.2293052
180,179.8883874
181,172.0025207
182,172.7405813
183,165.2918268
184,182.1423732
185,170.2385527
186,176.5373499
187,176.3856623
188,164.5930186
189,173.0032481
190,176.3238136
191,178.2513747
192,168.9825952
193,179.6814781
194,175.7271101
195,168.560051
196,170.5592751
197,175.4547514
198,172.7621348
199,170.6063163
200,177.6762662
201,174.8566677
202,177.3364771
203,174.9869809
204,176.6421716
205,172.8600223
206,169.0043828
207,171.3010415
208,169.9532014
209,178.495989
210,168.1473543
211,174.2983976
212,170.7151946
213,168.5163595
214,179.1425589
215,169.0935221
216,164.4345765
217,164.5359426
218,175.0669847
219,167.4990741
220,173.3161656
221,171.3427455
222,173.3807275
223,162.4557611
224,168.9369152
225,174.0777085
226,169.044876
227,169.555606
228,174.2355205
229,167.8519951
230,170.3374753
231,169.5641382
232,174.0635897
233,169.2382506
234,163.0657957
235,174.2089517
236,170.4390809
237,172.9554019
238,164.8012164
239,168.2055103
240,168.1919906
241,172.5582015
242,176.6922742
243,161.6593792
244,163.6561694
245,162.7107543
246,167.2952555
247,161.1961153
248,173.964189
249,174.9597251
250,174.1340744
251,176.211421
252,165.8101595
253,174.6754505
254,177.8827364
255,172.6054792
256,167.084645
257,166.3692915
258,173.420415
259,168.330978
260,180.3077564
261,178.7965234
262,164.1172724
263,166.6902894
264,166.0213844
265,173.5254755
266,172.8199596
267,174.2419532
268,167.744758
269,166.311354
270,176.3647668
271,174.2801583
272,166.0565057
273,165.3616525
274,174.4481471
275,176.6030314
276,168.7332345
277,171.5121319
278,169.0831212
279,169.7723932
280,169.4240417
281,179.8436188
282,175.9511182
283,181.6111677
284,167.1729976
285,168.9879659
286,175.8594578
287,172.2247367
288,169.8686925
289,174.9411637
290,169.960884
291,174.1673392
292,161.3117148
293,173.8025368
294,173.6595653
295,170.51046
296,183.8317809
297,172.0796562
298,178.0638635
299,167.604778
300,167.8602036
301,162.6790359
302,161.4302495
303,175.4687915
304,166.3400772
305,178.1762277
306,172.9001601
307,171.2193989
308,186.1902204
309,165.8881913
310,176.033762
311,171.1790107
312,169.0000654
313,166.1766039
314,172.8632092
315,173.0356464
316,160.0733426
317,177.0308493
318,169.4128729
319,173.5095424
320,173.3390793
321,159.222922
322,170.3658307
323,168.2002808
324,169.7574375
325,166.5450722
326,168.0587188
327,180.0099318
328,169.6593545
329,161.2004267
330,174.8142181
331,178.5251492
332,167.4264021
333,170.0200491
334,169.8914096
335,173.1805836
336,173.2785858
337,166.0819355
338,172.5667683
339,167.4824028
340,171.5561158
341,166.7098951
342,175.2877828
343,174.2195878
344,169.2926917
345,173.8059937
346,168.7212049
347,178.6661484
348,180.9022939
349,171.3402907
350,173.6083205
351,159.2814582
352,168.3938817
353,167.6734763
354,170.3514374
355,175.4340292
356,173.7125226
357,172.238827
358,172.4571466
359,178.9862756
360,176.7181334
361,168.5972696
362,168.9628468
363,172.2241576
364,170.8120863
365,173.645844
366,166.0454485
367,173.1682401
368,167.0982349
369,170.590407
370,184.7870201
371,164.5793471
372,176.8668974
373,167.6241505
374,177.1677443
375,166.3709825
376,181.2494076
377,172.2243615
378,173.0197058
379,166.5327942
380,170.9862771
381,163.128763
382,164.2737243
383,171.5494602
384,180.4683289
385,175.6436337
386,175.6078186
387,177.2361428
388,173.3936796
389,176.8272995
390,174.7072954
391,167.6200248
392,176.7250438
393,169.4177692
394,171.9771898
395,169.0161093
396,162.725345
397,169.5845982
398,174.2575534
399,166.5279711
400,164.4769226
401,165.9965552
402,172.717749
403,173.5187197
404,169.8887512
405,166.4293465
406,177.8910232
407,169.2591187
408,168.4538701
409,175.112247
410,170.1687882
411,171.6871133
412,170.6067779
413,170.7158716
414,171.9333787
415,173.111246
416,171.505377
417,165.0531571
418,177.5348174
419,171.681342
420,180.734891
421,176.8689585
422,176.6793438
423,164.7945231
424,170.0792218
425,174.3203936
426,180.14141
427,178.8784142
428,164.4690659
429,170.2235724
430,166.9342775
431,175.8325984
432,185.8782621
433,171.1903113
434,164.3888145
435,172.6293763
436,166.599657
437,173.2834816
438,164.9413488
439,165.7950553
440,172.5829731
441,177.2831528
442,172.6558914
443,168.1894875
444,170.7358498
445,171.2230204
446,170.2148317
447,178.5390736
448,171.2475097
449,168.9116604
450,163.4827317
451,169.8254553
452,170.1304138
453,170.4015406
454,165.8250674
455,159.5071152
456,159.6702009
457,176.5168485
458,166.9585502
459,164.3796002
460,170.0429178
461,174.168765
462,178.4050949
463,176.0483685
464,168.4694513
465,172.4590987
466,173.7434543
467,168.2782604
468,175.3704304
469,176.4357864
470,170.2716892
471,169.8279406
472,168.8911881
473,170.1356093
474,163.8698497
475,171.3085972
476,166.2174401
477,175.5547162
478,176.4221392
479,168.3873051
480,171.6627406
481,172.9620464
482,169.149413
483,172.5017314
484,174.3420657
485,165.25917
486,168.672795
487,170.6406561
488,171.4913426
489,168.9551249
490,173.1590198
491,176.65133
492,165.6067031
493,171.2781512
494,164.3478362
495,177.3866735
496,174.9027172
497,178.8191134
498,168.5681133
499,180.3539958
500,171.7396182
501,162.6324685
502,176.9606897
503,169.9027027
504,170.0800431
505,170.2978243
506,169.2556138
507,161.5864797
508,164.1173459
509,173.0337657
510,162.3774915
511,170.0382448
512,173.027652
513,167.4744381
514,180.7863229
515,170.9052581
516,170.6034262
517,170.3902295
518,170.5956556
519,168.4279731
520,176.8001365
521,173.1353997
522,175.0509421
523,171.1893284
524,166.4703846
525,173.5102358
526,167.9327258
527,168.8384798
528,172.4174104
529,180.8971109
530,172.6947875
531,173.1791477
532,169.5517418
533,160.8843368
534,179.6487709
535,170.5434778
536,170.2123438
537,167.1112779
538,176.6587496
539,170.5284602
540,173.4520536
541,169.5293103
542,180.9088036
543,172.7440334
544,177.4311209
545,177.0024475
546,174.8157573
547,166.1833498
548,170.9640196
549,172.5165838
550,178.6711656
551,179.0766315
552,179.2387525
553,176.0759918
554,161.3609572
555,162.4144741
556,172.556443
557,167.6987385
558,174.5239342
559,178.1502281
560,168.814227
561,174.4206326
562,170.929685
563,173.0334566
564,167.4465328
565,177.3961179
566,179.3390421
567,171.8251339
568,173.3592924
569,168.9626464
570,172.5373183
571,178.5980448
572,170.219892
573,162.1338795
574,167.0151987
575,173.2150715
576,171.6476529
577,186.7641556
578,179.0395265
579,174.8609397
580,166.7800387
581,176.8932126
582,167.4136576
583,171.185975
584,174.1300667
585,173.0082074
586,158.95242
587,169.7031878
588,167.4884015
589,169.9611358
590,163.9322693
591,167.7099279
592,171.4040147
593,174.0964919
594,171.4061872
595,173.2094306
596,171.3540336
597,173.7631212
598,162.5529491
599,176.9386447
600,178.6096123
601,174.0912414
602,176.150684
603,180.3464458
604,174.3198055
605,174.707358
606,171.7544389
607,178.7517247
608,179.227461
609,171.3361518
610,171.6158876
611,169.4682935
612,172.7891213
613,173.7418151
614,173.2506973
615,174.2574179
616,179.3902962
617,175.1185193
618,173.9970999
619,168.5464093
620,172.6529208
621,169.1898065
622,169.4800348
623,167.6303239
624,170.6872247
625,170.9815379
626,166.6520677
627,176.8739897
628,169.6332379
629,170.0925558
630,172.5284936
631,173.4265203
632,178.1038627
633,171.5782999
634,175.7022707
635,177.4814591
636,167.7066974
637,161.482863
638,175.3173328
639,167.6878691
640,162.8300307
641,164.3369717
642,164.7511388
643,178.3965171
644,171.7487677
645,176.2538926
646,173.6989821
647,170.5581551
648,175.0348091
649,168.8901413
650,170.245791
651,168.1894108
652,169.0775789
653,170.4189975
654,168.0017138
655,168.8572852
656,171.8439259
657,170.6651461
658,179.2169263
659,185.777819
660,167.3473587
661,177.0861827
662,171.6605005
663,165.2970443
664,174.0970977
665,170.3876567
666,175.303084
667,176.3236598
668,174.4021057
669,160.7535241
670,176.2786559
671,178.8511703
672,171.0240494
673,164.560228
674,173.8784191
675,173.5899092
676,176.2508319
677,174.2712427
678,168.9894054
679,183.2828839
680,175.2367497
681,179.697232
682,177.5367629
683,172.8045148
684,173.6818046
685,175.1483325
686,172.5054276
687,169.53964
688,175.5122415
689,177.5834899
690,173.7279723
691,179.8088166
692,176.1450208
693,175.0070252
694,173.8488885
695,174.2525073
696,177.5975996
697,167.9353042
698,168.357637
699,171.443328
700,168.7107662
701,177.3102117
702,172.5561426
703,173.2899512
704,166.5701605
705,162.7348985
706,171.2756539
707,178.9763124
708,161.2718078
709,164.83337
710,168.8226314
711,174.25262
712,174.9142421
713,167.6301442
714,172.5210675
715,178.6719555
716,169.101651
717,173.17589
718,170.18336
719,163.9969219
720,170.0496061
721,179.2972879
722,172.2165808
723,170.1706705
724,173.867837
725,169.5842559
726,170.2995976
727,177.1022839
728,172.6451379
729,173.0135562
730,181.8052806
731,169.5100748
732,171.4180505
733,179.0129962
734,173.1783209
735,170.071134
736,169.2333737
737,170.9506533
738,166.9163833
739,175.6773936
740,183.048352
741,173.4150294
742,169.7183425
743,180.3221093
744,172.2767003
745,172.9111006
746,172.0965888
747,170.5026404
748,175.5436198
749,178.3307652
750,167.6360006
751,169.1069151
752,171.9960379
753,172.7883668
754,180.6534785
755,171.586788
756,175.2161084
757,175.8333773
758,161.5045017
759,178.9000639
760,178.5147185
761,172.0134187
762,170.0918622
763,165.1353232
764,160.4523602
765,175.8421829
766,167.5236111
767,173.8823814
768,173.4701662
769,169.6993075
770,177.0892216
771,169.8457905
772,181.6398113
773,170.653162
774,172.3617737
775,179.0640987
776,171.3364624
777,171.0256934
778,183.397022
779,171.9084992
780,173.0569742
781,175.795875
782,179.165778
783,166.2322434
784,177.7125137
785,174.7645043
786,164.1374282
787,168.1900203
788,162.9969555
789,169.7509615
790,172.7628972
791,173.2706888
792,174.2409618
793,168.2299193
794,164.7018263
795,175.9949233
796,178.8191702
797,170.7834385
798,170.1024182
799,178.6078204
800,178.1954243
801,169.5240265
802,170.9530342
803,164.5846238
804,166.1009114
805,171.0645279
806,173.5201982
807,166.6999314
808,175.2200667
809,178.1021001
810,168.2381633
811,172.716777
812,175.796832
813,174.8023908
814,169.5949049
815,170.4415276
816,183.9728487
817,164.8081454
818,176.5704125
819,171.7646834
820,166.5934998
821,174.5558397
822,163.7499042
823,176.206947
824,177.412012
825,179.6460271
826,173.7837563
827,170.1696861
828,165.2732996
829,183.4918978
830,186.6840157
831,180.5707115
832,175.9224922
833,171.4144502
834,170.4632488
835,170.782805
836,171.1309903
837,169.1227137
838,170.866539
839,180.309353
840,179.1303179
841,174.0418082
842,166.6506904
843,169.1213896
844,166.6499824
845,172.2080633
846,176.4858667
847,175.7336215
848,181.0385379
849,172.1635417
850,167.0860986
851,179.5305558
852,170.9648122
853,179.1591508
854,180.4352741
855,173.4276826
856,164.8124729
857,172.6142238
858,169.4176273
859,171.135323
860,177.8403329
861,179.9143317
862,166.7025391
863,177.3109392
864,175.6388042
865,173.3365063
866,167.1507312
867,172.7089625
868,168.9979786
869,175.7919899
870,170.9941631
871,167.0433551
872,169.0647509
873,181.1330511
874,167.7840352
875,173.5120537
876,172.9489117
877,164.5314326
878,176.2194997
879,174.9719688
880,163.5133657
881,169.2242487
882,175.6297469
883,181.4241165
884,168.7613264
885,170.4043512
886,173.9416988
887,166.2073607
888,168.6297832
889,170.3843637
890,167.3935165
891,173.0083664
892,175.2051388
893,167.1950671
894,175.9587398
895,177.4052183
896,172.3011048
897,171.9003063
898,169.5095566
899,172.1841607
900,168.047537
901,170.3245827
902,173.890702
903,177.4674929
904,171.7634999
905,163.5668722
906,164.6737243
907,165.7713689
908,172.5511613
909,178.5887083
910,170.3386901
911,170.1878076
912,164.9175616
913,166.109269
914,174.2746474
915,176.0975195
916,177.8296003
917,165.4467087
918,174.9024479
919,179.6414965
920,181.985623
921,177.3361395
922,165.9447969
923,173.1533678
924,165.5664846
925,171.4482188
926,171.4300671
927,182.3686621
928,176.839406
929,177.4530312
930,170.7210472
931,171.8972832
932,170.6976471
933,172.5244475
934,171.4488458
935,162.6894687
936,169.4984864
937,167.6334623
938,171.1833389
939,173.6714348
940,179.9232804
941,167.0167318
942,166.7333027
943,176.3050669
944,171.5777706
945,165.1608847
946,170.986825
947,171.42154
948,167.8401923
949,175.3223139
950,173.3645091
951,167.4345438
952,170.0594789
953,166.7237113
954,175.2115663
955,179.9250478
956,179.7540366
957,175.4437504
958,174.6222071
959,172.4094298
960,170.8902624
961,167.7926842
962,169.8161656
963,172.3289991
964,165.9583279
965,169.7018538
966,174.2162568
967,171.9706007
968,165.7958032
969,164.4808467
970,166.450575
971,175.0894512
972,176.4206995
973,182.9415846
974,169.4250626
975,166.6624923
976,161.851085
977,172.2378675
978,168.4093616
979,173.4645161
980,167.472714
981,172.2766079
982,179.0226205
983,171.2874626
984,174.4778878
985,167.373889
986,173.1166959
987,180.3588062
988,172.1332887
989,170.1911262
990,163.6721916
991,179.3927176
992,170.2924024
993,176.1190199
994,171.998398
995,173.2214607
996,165.7800255
997,171.3759802
998,172.2143233
999,177.2096512
1000,174.3771968
1001,171.0426119
1002,168.2908361
1003,171.1366302
1004,172.7175686
1005,173.7184577
1006,182.1932939
1007,170.7739698
1008,173.447848
1009,169.6888627
1010,169.8175123
1011,178.686502
1012,172.0164851
1013,174.3147872
1014,173.2383136
1015,171.6641353
1016,167.6970152
1017,167.4448117
1018,172.0657302
1019,169.8464304
1020,169.5552799
1021,171.1359061
1022,167.3432146
1023,171.3864353
1024,175.9361448
1025,165.8931151
1026,167.0021504
1027,168.2006952
1028,177.6331248
1029,168.2294069
1030,167.3573858
1031,175.8792245
1032,169.3367655
1033,164.137502
1034,166.4529378
1035,182.1726475
1036,169.1996035
1037,169.0439085
1038,174.6404549
1039,160.9892482
1040,161.4330359
1041,164.4957176
1042,175.093842
1043,171.7185173
1044,174.1329545
1045,161.9169204
1046,164.8509666
1047,170.9864718
1048,165.6504454
1049,176.7250364
1050,168.8782885
1051,171.1665945
1052,175.4829504
1053,168.0224908
1054,169.1709447
1055,173.2677369
1056,174.6578537
1057,175.6882113
1058,181.060738
1059,164.6300922
1060,175.7161047
1061,175.0744957
1062,181.9744696
1063,175.7297739
1064,172.538436
1065,169.5156886
1066,171.4155231
1067,173.4563994
1068,163.0744447
1069,179.0798
1070,175.8893552
1071,160.5571927
1072,179.4653133
1073,162.4689908
1074,181.1421528
1075,172.7979818
1076,176.0523976
1077,177.2883324
1078,169.9490536
1079,169.5386507
1080,178.471016
1081,173.7541222
1082,174.8809399
1083,167.9258371
1084,178.1011271
1085,166.0259998
1086,179.7305995
1087,170.558755
1088,166.7417673
1089,168.5378817
1090,167.7942238
1091,173.8984883
1092,179.9057331
1093,168.9845417
1094,167.845634
1095,163.5383987
1096,164.5415912
1097,182.3149342
1098,171.4242384
1099,173.0282153
1100,165.9834381
1101,176.800325
1102,166.5934129
1103,164.6055116
1104,183.5768999
1105,176.213115
1106,173.0412221
1107,165.4566765
1108,160.4581818
1109,164.8588994
1110,179.9062045
1111,167.0999601
1112,173.254396
1113,169.3112549
1114,165.7812562
1115,164.3322719
1116,180.5238066
1117,177.0253559
1118,172.7633147
1119,172.7273665
1120,172.407295
1121,164.3589124
1122,160.3167235
1123,167.6797748
1124,182.2952082
1125,166.0705857
1126,169.6395338
1127,164.9758435
1128,175.4153983
1129,175.9087645
1130,173.6700323
1131,170.3036057
1132,173.9784036
1133,165.1138173
1134,175.1152743
1135,170.7151219
1136,165.861514
1137,167.0799453
1138,178.0255873
1139,161.2238264
1140,168.3136135
1141,176.5866686
1142,171.5391951
1143,168.9337887
1144,175.2731015
1145,173.2634861
1146,170.2931457
1147,169.4859655
1148,168.9925023
1149,167.5273546
1150,168.2520772
1151,173.2234066
1152,174.7008678
1153,179.2177496
1154,165.0125
1155,168.2749808
1156,175.6258208
1157,173.4473357
1158,166.5257952
1159,173.1935643
1160,162.5767905
1161,175.561283
1162,169.7901023
1163,172.3194861
1164,172.4440845
1165,174.7607081
1166,163.8027413
1167,183.924598
1168,175.8675543
1169,169.8616144
1170,177.4655194
1171,170.1280271
1172,166.7314705
1173,175.2206473
1174,157.6041339
1175,170.5658441
1176,178.4177519
1177,168.9871646
1178,172.7538515
1179,176.8746413
1180,168.8386463
1181,173.5984956
1182,174.8286335
1183,177.3535347
1184,163.4243751
1185,177.342379
1186,175.0562582
1187,163.9883147
1188,175.4773346
1189,173.6110283
1190,172.0761975
1191,173.6117252
1192,169.6956423
1193,179.857077
1194,173.2916762
1195,160.1685851
1196,169.8722964
1197,168.598222
1198,177.5708089
1199,176.6862766
1200,159.9807529
1201,179.2178067
1202,168.1825308
1203,172.274583
1204,167.7241865
1205,171.9789315
1206,174.0725438
1207,161.567324
1208,174.2719623
1209,169.1973388
1210,161.2701192
1211,175.2565019
1212,173.6612922
1213,167.8021416
1214,179.4996892
1215,170.5170186
1216,171.483218
1217,177.6420435
1218,169.0507491
1219,169.6326422
1220,177.9087815
1221,175.4054759
1222,166.5699659
1223,181.2022102
1224,176.6851553
1225,177.2869298
1226,176.6337603
1227,163.1296635
1228,167.3542498
1229,171.648576
1230,177.6141752
1231,174.1927307
1232,172.6876447
1233,168.7836865
1234,167.0156656
1235,165.3598777
1236,173.3590618
1237,168.9660753
1238,172.6698542
1239,170.4404336
1240,169.4072939
1241,164.3762669
1242,173.5199847
1243,178.4839296
1244,169.7231712
1245,174.6023742
1246,170.1336762
1247,167.7132967
1248,168.1185645
1249,172.6485854
1250,167.904092
1251,163.3794592
1252,173.9175561
1253,171.2489923
1254,166.9739645
1255,178.1467402
1256,176.1549408
1257,178.0220915
1258,165.1189355
1259,178.4856517
1260,174.3467666
1261,172.97308
1262,178.8462228
1263,171.6516325
1264,174.1122342
1265,177.3853078
1266,180.6816189
1267,174.1663863
1268,172.1440159
1269,161.9318224
1270,179.8203889
1271,172.8302142
1272,165.1807784
1273,168.9086041
1274,172.764729
1275,172.7145934
1276,168.6939064
1277,173.0578164
1278,173.6369097
1279,170.514427
1280,168.6444322
1281,170.1047965
1282,169.1638119
1283,179.8855566
1284,172.7847387
1285,175.6695808
1286,173.6769516
1287,169.1097233
1288,170.8895169
1289,172.5656523
1290,175.4211542
1291,173.766951
1292,180.2488558
1293,169.0359358
1294,173.8062551
1295,169.722127
1296,169.3503801
1297,171.4350077
1298,166.7897063
1299,169.7405012
1300,166.9963137
1301,172.7503506
1302,168.6601206
1303,171.6124223
1304,169.7718747
1305,174.5851909
1306,173.3060239
1307,183.8559008
1308,170.281707
1309,166.1664753
1310,170.6464057
1311,164.4660952
1312,174.8912974
1313,166.5283895
1314,167.415115
1315,171.853357
1316,174.1443712
1317,168.5567302
1318,169.8959877
1319,175.9951695
1320,178.5996369
1321,163.1490913
1322,167.6877852
1323,170.1443293
1324,166.5376716
1325,174.59868
1326,174.4060017
1327,177.2543017
1328,180.7401068
1329,172.6957667
1330,169.5047579
1331,174.5432183
1332,173.3614778
1333,172.9466991
1334,181.4103253
1335,167.4363066
1336,173.0923799
1337,181.0583773
1338,176.0266349
1339,167.7519707
1340,167.4501613
1341,174.9070217
1342,175.1123674
1343,179.2109041
1344,168.1105005
1345,168.5455893
1346,169.8947218
1347,177.6230861
1348,172.5748062
1349,181.3581452
1350,170.0234256
1351,171.6236773
1352,171.6011486
1353,162.3763828
1354,170.2206242
1355,172.6863904
1356,173.8811497
1357,172.9832154
1358,175.9994025
1359,167.6028237
1360,172.4725805
1361,177.1972761
1362,170.4351234
1363,167.9990483
1364,183.0992581
1365,172.6809659
1366,171.2572458
1367,170.2409897
1368,176.9316601
1369,179.3003131
1370,176.3875812
1371,174.38185
1372,168.6516812
1373,168.7531665
1374,170.0275885
1375,168.9908791
1376,169.9446499
1377,169.2657464
1378,162.1848905
1379,173.9465224
1380,166.1716678
1381,180.1730659
1382,163.1803189
1383,177.4474517
1384,168.7550283
1385,173.7302847
1386,168.9402314
1387,175.1326023
1388,173.6839968
1389,173.1098046
1390,171.9225555
1391,176.9444757
1392,174.2700501
1393,169.2102242
1394,175.0038321
1395,174.7518736
1396,174.0975556
1397,174.5802351
1398,172.3077471
1399,174.5457035
1400,166.8607778
1401,171.1042247
1402,175.3331811
1403,173.4793243
1404,175.9827509
1405,175.1859593
1406,168.2219671
1407,169.8119245
1408,166.3901473
1409,167.7246612
1410,176.8079825
1411,167.1349763
1412,171.0078977
1413,171.2762135
1414,172.6660505
1415,171.2331356
1416,160.1397932
1417,176.1673306
1418,175.409574
1419,175.093614
1420,172.3421418
1421,170.9074851
1422,174.6589573
1423,180.4891892
1424,168.8305114
1425,169.042602
1426,167.7175611
1427,178.2259472
1428,172.3935799
1429,174.1167108
1430,170.5670453
1431,165.1068525
1432,174.0788571
1433,172.886039
1434,167.669487
1435,179.877628
1436,176.1009527
1437,172.1768053
1438,171.509277
1439,169.7545204
1440,179.5162802
1441,169.4952225
1442,179.5168223
1443,166.7952311
1444,175.7311361
1445,172.6093502
1446,175.2275024
1447,167.2815466
1448,162.3528451
1449,175.1637134
1450,169.3968003
1451,182.5526784
1452,164.4235094
1453,170.5859387
1454,189.3669839
1455,180.0489005
1456,172.261555
1457,169.2591365
1458,172.7283749
1459,168.5006944
1460,172.9899679
1461,173.4957676
1462,164.9615211
1463,173.5276219
1464,170.5583598
1465,169.8573283
1466,176.0821257
1467,175.5032566
1468,177.5156568
1469,172.9870757
1470,172.914017
1471,170.3696052
1472,173.7484978
1473,171.8287457
1474,167.1682379
1475,171.6980582
1476,178.7703807
1477,181.8309037
1478,164.3056002
1479,173.8397764
1480,172.2546765
1481,172.2202521
1482,162.0390141
1483,174.4200256
1484,171.0045083
1485,165.9015203
1486,170.4506617
1487,178.7985256
1488,183.0171584
1489,168.8385442
1490,176.702357
1491,171.5516762
1492,170.6441275
1493,167.0170059
1494,175.7676384
1495,165.3305137
1496,171.4522826
1497,169.8273516
1498,168.7660013
1499,176.8390535
1500,168.37638
1501,165.7992144
1502,176.6588491
1503,177.967871
1504,166.4856417
1505,174.4574207
1506,172.2536383
1507,171.6624278
1508,172.0395228
1509,170.073457
1510,180.2157344
1511,172.0555988
1512,166.8987889
1513,176.2900735
1514,168.8630659
1515,174.8254437
1516,175.1946877
1517,180.2833258
1518,177.1881131
1519,171.610631
1520,173.2678928
1521,167.3143775
1522,173.7880958
1523,179.3225706
1524,171.2476773
1525,165.5074195
1526,170.137083
1527,172.8173359
1528,177.2167452
1529,174.0817787
1530,171.2278574
1531,169.4341492
1532,176.5074283
1533,166.8026888
1534,156.7516788
1535,169.4910176
1536,158.4580987
1537,180.132257
1538,174.4461328
1539,178.043298
1540,165.793885
1541,165.2440438
1542,166.1843621
1543,173.1145356
1544,161.8025333
1545,183.318824
1546,168.5473851
1547,169.6665129
1548,175.4322885
1549,170.5939075
1550,168.6777344
1551,166.2066321
1552,170.1133129
1553,164.074341
1554,170.0772346
1555,180.930741
1556,166.4536531
1557,170.7824737
1558,172.6603663
1559,178.2846313
1560,178.4525452
1561,172.2264093
1562,171.931631
1563,179.5927877
1564,173.779069
1565,167.2425148
1566,162.9782156
1567,170.4758086
1568,170.2047811
1569,165.8792621
1570,171.6133303
1571,165.8644256
1572,171.1799433
1573,177.2371718
1574,172.1833455
1575,172.7598568
1576,170.2550276
1577,179.2169492
1578,168.0845257
1579,172.4404842
1580,167.6068831
1581,173.4184298
1582,167.463566
1583,166.8431185
1584,180.1007229
1585,170.8413137
1586,169.091594
1587,174.8446038
1588,169.6658107
1589,165.5556178
1590,165.7970884
1591,174.6543653
1592,172.8315928
1593,173.7678012
1594,188.0891355
1595,175.1742527
1596,167.682399
1597,168.9397394
1598,172.2872664
1599,166.9009341
1600,169.4016023
1601,167.0214792
1602,170.8744397
1603,174.9998069
1604,161.7031149
1605,170.0342063
1606,168.2412606
1607,174.6995606
1608,167.5723062
1609,182.0120561
1610,185.2863331
1611,177.9192006
1612,166.2768955
1613,168.032607
1614,178.0504397
1615,170.9197462
1616,169.4406754
1617,168.7797716
1618,176.0684972
1619,167.1182287
1620,172.0165674
1621,167.2440244
1622,174.8488889
1623,169.6176229
1624,174.5862551
1625,164.0664632
1626,168.7292644
1627,165.0474628
1628,171.1003994
1629,179.7093765
1630,177.119371
1631,171.6518519
1632,167.7122096
1633,173.7626905
1634,173.1249513
1635,173.5092532
1636,172.7663966
1637,178.4966605
1638,169.6667203
1639,173.0354305
1640,175.2152354
1641,176.7473898
1642,181.489775
1643,168.3604368
1644,183.3586809
1645,178.191843
1646,174.0703691
1647,180.2747979
1648,174.0507238
1649,178.8714021
1650,168.2835232
1651,172.4676481
1652,181.4722163
1653,167.2116269
1654,176.9790634
1655,170.7667843
1656,170.5250549
1657,163.7425694
1658,169.7036215
1659,171.8314798
1660,174.5783013
1661,170.0806743
1662,172.8867433
1663,177.5114671
1664,166.9908507
1665,162.6166697
1666,173.9429487
1667,167.9282978
1668,161.5127278
1669,172.2427281
1670,169.3402523
1671,174.3509725
1672,182.9676394
1673,173.1196005
1674,176.4886435
1675,173.2891229
1676,185.2522465
1677,174.0128643
1678,170.7372049
1679,162.1109319
1680,168.6703661
1681,174.2379437
1682,170.5071495
1683,177.1656889
1684,186.1811457
1685,181.9857315
1686,161.642831
1687,171.539429
1688,165.7684094
1689,166.5900312
1690,175.834494
1691,172.2981368
1692,177.1021075
1693,160.9001772
1694,172.3729697
1695,173.6298028
1696,170.5354528
1697,166.5257332
1698,169.1629093
1699,173.1229154
1700,178.9146646
1701,161.417189
1702,173.2031621
1703,170.5949167
1704,171.8732928
1705,178.5871191
1706,169.329976
1707,178.1931996
1708,181.4208818
1709,170.389977
1710,172.9278453
1711,166.5614052
1712,174.7378283
1713,168.0768314
1714,172.9952113
1715,173.0584151
1716,169.6654094
1717,177.7654081
1718,168.3542067
1719,171.9870529
1720,167.9640858
1721,175.5037206
1722,172.4359594
1723,170.201064
1724,173.0038575
1725,171.2537002
1726,172.3428141
1727,164.6960648
1728,175.5883083
1729,164.7419961
1730,170.6556895
1731,169.9918299
1732,181.6507086
1733,176.6746415
1734,168.8666243
1735,167.039871
1736,173.1183976
1737,159.596506
1738,162.1598489
1739,172.4464479
1740,171.5675664
1741,166.9870889
1742,169.9573257
1743,169.3602418
1744,170.882922
1745,170.9650823
1746,177.2130285
1747,168.4421328
1748,160.632611
1749,175.3337764
1750,182.2428321
1751,165.5869453
1752,164.0143206
1753,163.7647286
1754,172.372604
1755,172.1314899
1756,164.5803206
1757,176.7144073
1758,165.9271969
1759,169.313776
1760,165.1107206
1761,175.5092014
1762,175.9130467
1763,174.6250329
1764,181.0418036
1765,179.7693456
1766,179.390065
1767,166.6424164
1768,171.1082673
1769,171.3930729
1770,172.8847161
1771,166.659663
1772,178.4557162
1773,170.8221965
1774,173.1973091
1775,173.3683831
1776,172.5294813
1777,173.6122916
1778,170.108342
1779,175.6385261
1780,165.3659763
1781,167.360706
1782,172.2705255
1783,176.0013868
1784,167.3347079
1785,170.8176829
1786,167.3854195
1787,176.5588397
1788,170.4597803
1789,174.9230442
1790,176.677331
1791,173.0147711
1792,168.7725701
1793,166.7567031
1794,164.7685075
1795,163.0259751
1796,178.0520491
1797,172.5753464
1798,170.6464402
1799,168.2813647
1800,172.7971891
1801,177.8454171
1802,177.8486868
1803,168.2486243
1804,167.9048442
1805,174.7527492
1806,171.9560063
1807,170.9959754
1808,171.0264004
1809,166.0836319
1810,175.7663735
1811,175.4129976
1812,169.7761903
1813,171.3822916
1814,175.6075644
1815,173.0151921
1816,170.3676026
1817,176.8828614
1818,162.5902399
1819,181.2960257
1820,164.7456749
1821,174.6967067
1822,166.3216301
1823,164.2468952
1824,176.1738186
1825,174.5780645
1826,162.6600577
1827,164.9590513
1828,165.510378
1829,163.929479
1830,167.7158996
1831,170.9975546
1832,183.1670311
1833,173.1519418
1834,171.1568732
1835,166.7035671
1836,178.1968287
1837,177.2697561
1838,171.0440119
1839,175.7178401
1840,175.781978
1841,169.9441215
1842,178.0215939
1843,174.1707634
1844,177.7782379
1845,167.2539297
1846,173.4140507
1847,162.0910225
1848,184.7499756
1849,164.8361796
1850,163.8893803
1851,168.828967
1852,171.049102
1853,180.3558779
1854,179.8880244
1855,165.6464717
1856,168.9861701
1857,172.3491048
1858,168.4740602
1859,176.798356
1860,174.5916206
1861,172.1850121
1862,167.9055808
1863,162.9668082
1864,181.6214482
1865,170.8700107
1866,171.3437932
1867,165.4990968
1868,173.5162877
1869,169.7909063
1870,155.4929028
1871,172.5386356
1872,174.9077959
1873,168.5452532
1874,179.2257169
1875,174.358007
1876,184.7995312
1877,175.4830675
1878,173.3866103
1879,165.1631806
1880,178.9351273
1881,168.8001851
1882,175.3888584
1883,176.3754777
1884,166.5311324
1885,167.3480145
1886,171.2896669
1887,181.3121462
1888,169.1232475
1889,174.4825896
1890,169.3581159
1891,178.3348713
1892,161.740089
1893,172.868034
1894,168.5176717
1895,167.3274923
1896,170.7558998
1897,174.3958349
1898,174.3561771
1899,169.1848549
1900,171.5188026
1901,175.4359069
1902,176.5857893
1903,170.2051914
1904,170.5587466
1905,176.0359773
1906,164.8864716
1907,172.1575818
1908,166.9102559
1909,170.630836
1910,162.673217
1911,165.0611465
1912,164.1931416
1913,173.6208779
1914,174.2186316
1915,168.7841492
1916,171.109555
1917,176.2412756
1918,178.1477818
1919,169.0081355
1920,174.7867691
1921,166.569384
1922,171.5335769
1923,173.1520837
1924,163.6444102
1925,177.0833002
1926,177.9471835
1927,175.9667522
1928,171.0957546
1929,173.4187348
1930,163.5053219
1931,176.5533217
1932,165.5292816
1933,166.8120524
1934,171.2510451
1935,165.9505914
1936,175.0320187
1937,173.3668847
1938,176.0878835
1939,171.6688464
1940,172.4478725
1941,172.0104282
1942,173.3905168
1943,174.1549198
1944,172.0882818
1945,172.3066265
1946,173.123908
1947,174.9007622
1948,169.8246444
1949,174.7111813
1950,181.9544966
1951,175.9722359
1952,164.8591936
1953,178.0021965
1954,167.9198151
1955,174.0461978
1956,171.9238989
1957,172.7473249
1958,182.8733975
1959,163.2330634
1960,167.2938821
1961,173.4733377
1962,173.3216204
1963,167.0549026
1964,172.7695697
1965,168.2171921
1966,170.8147367
1967,176.4405186
1968,169.3621827
1969,174.006121
1970,170.0402393
1971,179.6095913
1972,173.0820282
1973,178.3286689
1974,175.8166522
1975,170.8754051
1976,165.340242
1977,170.8680206
1978,177.186787
1979,172.4539768
1980,168.9686901
1981,174.8723178
1982,174.6940957
1983,169.2322607
1984,174.3967533
1985,173.6562109
1986,166.7759603
1987,172.5407307
1988,171.6083371
1989,173.2756024
1990,183.4740824
1991,170.2075199
1992,178.2215463
1993,176.7618754
1994,179.4940978
1995,180.7101026
1996,173.8012406
1997,179.1574698
1998,170.9129098
1999,169.0896922
2000,171.0346692
2001,172.4400929
2002,175.8143453
2003,176.4620353
2004,174.6469009
2005,169.7651667
2006,170.374471
2007,175.4817101
2008,164.5881031
2009,166.8498662
2010,163.0937991
2011,166.5022913
2012,171.862528
2013,167.9152021
2014,168.7805317
2015,168.5350235
2016,164.0594082
2017,175.6755676
2018,173.3882994
2019,171.4107826
2020,172.5152777
2021,169.7040179
2022,171.9060892
2023,169.7474196
2024,174.7229867
2025,167.7769528
2026,174.2616433
2027,176.9357858
2028,168.0118042
2029,167.1321164
2030,172.1352034
2031,176.184831
2032,167.1042548
2033,166.0740184
2034,165.7003891
2035,172.7680518
2036,164.4740442
2037,172.6346827
2038,173.3843514
2039,164.9160224
2040,174.6122521
2041,170.9114746
2042,182.8293971
2043,173.7042338
2044,177.568145
2045,174.5962252
2046,180.8925307
2047,176.973277
2048,170.3670163
2049,165.1979859
2050,178.3156438
2051,166.5521699
2052,176.1095313
2053,169.7201374
2054,172.6085867
2055,169.0508751
2056,164.4944434
2057,175.2850895
2058,168.6169952
2059,169.7361454
2060,173.4868012
2061,176.9949082
2062,167.9433547
2063,172.979481
2064,167.9907931
2065,169.9266782
2066,173.5143761
2067,171.4894155
2068,173.6012709
2069,157.8283861
2070,176.0439301
2071,188.116866
2072,177.7991001
2073,168.1862203
2074,173.9478493
2075,169.6527651
2076,170.2182202
2077,170.6375357
2078,172.185317
2079,170.0148527
2080,172.3954191
2081,167.2676986
2082,170.1306075
2083,172.6101916
2084,166.6628124
2085,159.648436
2086,178.1457193
2087,162.9580169
2088,164.9010239
2089,170.6724529
2090,164.3054205
2091,173.3407117
2092,176.3883199
2093,165.9999933
2094,171.1105833
2095,170.8235955
2096,172.9766619
2097,171.8439302
2098,167.7743632
2099,171.3369267
2100,163.7183075
2101,175.6429559
2102,170.3357458
2103,169.8797348
2104,170.1063777
2105,167.0067866
2106,172.6241918
2107,171.6960454
2108,162.9334641
2109,172.084783
2110,167.1474065
2111,167.9778011
2112,178.1153779
2113,162.1523652
2114,170.7656444
2115,179.8924628
2116,178.8401314
2117,177.4525949
2118,167.8295726
2119,161.5669513
2120,171.2064389
2121,172.3764465
2122,168.0141526
2123,183.560511
2124,170.0911762
2125,159.352843
2126,176.6142236
2127,172.3659047
2128,171.6155982
2129,176.811565
2130,176.4284736
2131,178.6264393
2132,172.7690127
2133,174.5426707
2134,175.3507418
2135,179.6348402
2136,174.6327277
2137,168.3306301
2138,171.7076019
2139,173.4364626
2140,172.8036743
2141,165.1597303
2142,170.7149201
2143,170.4448503
2144,168.6914436
2145,167.6635937
2146,173.5137142
2147,165.6872233
2148,173.5002546
2149,178.0939918
2150,171.3673149
2151,164.5616823
2152,171.819996
2153,176.4219406
2154,177.2846607
2155,174.5666863
2156,171.6528309
2157,170.5154173
2158,172.8406057
2159,172.390232
2160,167.6661139
2161,166.9843418
2162,173.3653662
2163,165.521795
2164,169.3398917
2165,171.8128168
2166,173.4765407
2167,171.177046
2168,170.7472976
2169,174.2358519
2170,176.7456646
2171,172.8994261
2172,172.8106233
2173,167.1391516
2174,169.0107535
2175,163.4116429
2176,166.6146325
2177,176.946492
2178,174.4962344
2179,171.2819708
2180,170.8765952
2181,169.5634888
2182,166.7549728
2183,162.540892
2184,172.6729521
2185,181.3206791
2186,164.7992155
2187,167.7312496
2188,162.2837624
2189,170.6361465
2190,170.5872014
2191,172.0279147
2192,174.6797765
2193,165.8960959
2194,169.0647158
2195,167.3848362
2196,179.92207
2197,170.1454029
2198,173.7821893
2199,164.8849164
2200,159.9931729
2201,169.6305686
2202,168.794866
2203,170.1686621
2204,174.148366
2205,167.4447247
2206,166.2537229
2207,169.2367371
2208,171.314819
2209,167.0052248
2210,168.4014257
2211,176.6473272
2212,174.9178953
2213,168.6258465
2214,168.4398788
2215,168.0821864
2216,169.2247734
2217,177.1949725
2218,167.5259895
2219,165.4689217
2220,169.5147258
2221,164.1226124
2222,164.178402
2223,174.0158649
2224,176.4372706
2225,179.1450839
2226,177.714117
2227,165.7884475
2228,171.1434934
2229,179.4338434
2230,172.9739676
2231,166.7310201
2232,172.2101235
2233,173.8395592
2234,183.6183574
2235,164.3000935
2236,171.8492036
2237,162.4533124
2238,176.6938037
2239,166.4276
2240,173.7664011
2241,165.4230684
2242,168.5781732
2243,175.4824003
2244,167.4617815
2245,167.0649508
2246,172.9231107
2247,169.165729
2248,177.4920109
2249,170.5620485
2250,168.824421
2251,171.7722696
2252,179.4022315
2253,173.032806
2254,169.8033031
2255,172.8099952
2256,173.8669538
2257,174.4421436
2258,176.8537096
2259,171.8431704
2260,169.9281907
2261,168.2241583
2262,182.3871412
2263,170.2518439
2264,176.5517317
2265,163.0083945
2266,155.4305232
2267,170.1419203
2268,174.4841491
2269,178.1096494
2270,175.3578425
2271,175.4355056
2272,177.2213059
2273,160.1705985
2274,172.2881792
2275,166.8120621
2276,171.283054
2277,178.3629396
2278,186.700338
2279,165.6745851
2280,171.8718671
2281,160.8810908
2282,175.4912515
2283,167.779069
2284,167.0902133
2285,160.4594955
2286,178.2699408
2287,179.5650069
2288,167.5114843
2289,175.667038
2290,171.8130835
2291,173.7209548
2292,166.833163
2293,170.5165616
2294,173.4636958
2295,170.7615657
2296,175.042566
2297,172.2627669
2298,174.2988037
2299,170.9064363
2300,171.8260865
2301,177.1566693
2302,172.8303275
2303,176.1262245
2304,173.4611565
2305,170.2076549
2306,170.1401694
2307,170.5516798
2308,171.0201035
2309,179.0420916
2310,167.1482841
2311,167.2585542
2312,180.0777444
2313,171.6587213
2314,171.1101873
2315,176.4663399
2316,173.2561339
2317,163.4898483
2318,178.7037817
2319,173.6222867
2320,178.1723324
2321,165.530787
2322,173.4707878
2323,157.6364352
2324,176.031294
2325,170.5793154
2326,168.3824962
2327,168.9696248
2328,171.8762146
2329,174.5788032
2330,169.7965835
2331,180.5214462
2332,164.6939566
2333,166.6697753
2334,169.2025492
2335,169.1548061
2336,168.8198763
2337,183.9747391
2338,164.7946884
2339,172.0635052
2340,175.3116143
2341,179.5159688
2342,175.9392401
2343,172.2917572
2344,177.8274637
2345,169.5171621
2346,185.1687505
2347,180.5873489
2348,179.3742909
2349,170.6990195
2350,171.3015492
2351,165.7623784
2352,169.9862237
2353,164.5174951
2354,163.3939627
2355,177.6574953
2356,174.3591742
2357,169.3009354
2358,166.5489198
2359,176.4591299
2360,166.9785476
2361,167.190475
2362,177.9830267
2363,171.1085325
2364,167.2057521
2365,177.2418702
2366,174.7600763
2367,172.786004
2368,177.7739003
2369,171.6030884
2370,173.5388585
2371,171.8256304
2372,175.9412355
2373,165.3656457
2374,168.6743002
2375,182.0966462
2376,164.9226717
2377,168.3078389
2378,163.2106853
2379,176.3172495
2380,172.9282634
2381,161.779834
2382,175.417701
2383,176.4446638
2384,174.0107391
2385,177.4332218
2386,174.3387035
2387,168.4043141
2388,176.7081761
2389,163.2189281
2390,164.8939114
2391,175.0124568
2392,172.6481566
2393,171.2469995
2394,172.2574389
2395,169.4678449
2396,163.9813278
2397,172.2708134
2398,167.0664614
2399,180.2735004
2400,179.9114043
2401,172.7171761
2402,170.4485016
2403,165.7408561
2404,168.3434282
2405,165.7636525
2406,166.0873241
2407,175.4227232
2408,176.6380538
2409,169.6104036
2410,168.2423362
2411,178.7711967
2412,176.3331401
2413,175.00166
2414,175.0955443
2415,172.9440747
2416,175.2177797
2417,172.0212294
2418,170.1358902
2419,169.0838633
2420,174.960591
2421,173.4836434
2422,171.5947154
2423,175.4910153
2424,172.5031512
2425,172.6135074
2426,176.6012889
2427,167.4629011
2428,174.0746341
2429,176.0595037
2430,160.8549529
2431,174.3018872
2432,168.9022801
2433,171.1311097
2434,179.2989261
2435,171.6432118
2436,173.2337304
2437,175.1550766
2438,172.0953377
2439,170.5079884
2440,179.4172493
2441,177.4860341
2442,168.1636704
2443,176.0317735
2444,171.5651048
2445,167.6600514
2446,171.0973986
2447,176.3023988
2448,172.2751154
2449,167.6027606
2450,167.4332827
2451,173.1067168
2452,171.1851887
2453,168.7259347
2454,169.0759123
2455,164.9420735
2456,167.7728178
2457,173.3897516
2458,173.7962141
2459,173.3456745
2460,171.1581442
2461,178.3810437
2462,168.0116918
2463,170.241572
2464,162.7295377
2465,183.2273782
2466,174.5175931
2467,163.8777559
2468,172.6032311
2469,168.7975633
2470,168.8624171
2471,171.9164685
2472,176.9260206
2473,180.478477
2474,176.5861385
2475,174.9960533
2476,180.8273133
2477,175.0623858
2478,180.0815644
2479,175.3745196
2480,168.5041642
2481,172.8150875
2482,175.2358139
2483,164.4378402
2484,182.9491458
2485,161.2252635
2486,169.9731247
2487,172.1313984
2488,175.9333304
2489,167.2067314
2490,183.8125916
2491,171.6897268
2492,171.0121739
2493,174.771757
2494,166.8861595
2495,168.9688014
2496,168.3684756
2497,171.3193546
2498,175.9105257
2499,176.0449145
2500,171.1054829
2501,172.1239181
2502,168.2491954
2503,167.834788
2504,174.0868507
2505,173.3607937
2506,174.1353024
2507,177.853734
2508,179.0710612
2509,175.0820231
2510,176.5256628
2511,171.1131711
2512,178.1606289
2513,172.5198186
2514,166.6989919
2515,170.6533656
2516,180.6608895
2517,176.7362412
2518,158.3394939
2519,173.7944059
2520,163.2593104
2521,181.8194539
2522,170.6275403
2523,165.5351239
2524,169.384141
2525,157.604635
2526,168.111415
2527,178.9495691
2528,162.4275431
2529,169.8620785
2530,176.5502497
2531,163.7403965
2532,168.8258213
2533,169.6799256
2534,163.579392
2535,175.39804
2536,174.9824154
2537,178.7295584
2538,168.854485
2539,175.7423486
2540,175.3040701
2541,170.1252468
2542,173.6201245
2543,172.2463252
2544,177.6513175
2545,166.4625644
2546,170.6049967
2547,172.6042095
2548,165.8897519
2549,169.6041827
2550,166.4020563
2551,176.0090813
2552,169.2553368
2553,179.4349848
2554,169.1121157
2555,167.5665907
2556,174.3493576
2557,169.6585784
2558,173.6546238
2559,171.8193774
2560,172.9861249
2561,168.8704071
2562,173.3266624
2563,162.9183269
2564,166.3461457
2565,179.923571
2566,170.1872648
2567,171.5341966
2568,172.1694923
2569,171.1750894
2570,167.6836082
2571,169.9165348
2572,165.8221475
2573,167.7734451
2574,171.5984473
2575,171.8602807
2576,178.1255642
2577,177.8075919
2578,167.5081604
2579,179.2422033
2580,169.3192344
2581,176.2111261
2582,160.065494
2583,166.6559229
2584,179.5573444
2585,179.1867409
2586,172.5019394
2587,164.180021
2588,177.3933111
2589,171.9073613
2590,174.7495998
2591,171.4684283
2592,165.2621883
2593,173.7562764
2594,169.7981775
2595,168.396956
2596,173.741475
2597,178.8300673
2598,177.1465597
2599,170.4125395
2600,167.1273465
2601,180.1653325
2602,161.9768766
2603,175.9258374
2604,169.0989042
2605,169.7334043
2606,166.7127019
2607,177.308232
2608,173.5027802
2609,168.6990262
2610,170.7226427
2611,171.2127539
2612,177.7075838
2613,166.4402892
2614,173.6950808
2615,161.8752146
2616,179.2045846
2617,177.4303273
2618,173.2165476
2619,170.5714267
2620,174.9341302
2621,170.3488835
2622,169.7782114
2623,169.7951605
2624,176.8126961
2625,176.0646736
2626,171.7701742
2627,175.7126543
2628,175.7930776
2629,173.6400374
2630,175.7206116
2631,177.3100713
2632,172.7588967
2633,179.3997461
2634,162.8395105
2635,176.8220383
2636,170.2766869
2637,173.0085861
2638,174.4521761
2639,165.336903
2640,172.4750974
2641,175.6535105
2642,170.9535052
2643,169.936567
2644,176.9220608
2645,165.3837011
2646,167.3770869
2647,171.2232335
2648,162.8242768
2649,176.5394627
2650,178.8389761
2651,182.253879
2652,178.5385879
2653,177.9691633
2654,169.2030803
2655,176.0682445
2656,170.3578034
2657,164.493932
2658,171.453484
2659,164.3548273
2660,171.4754687
2661,165.5584043
2662,178.204231
2663,167.5394334
2664,179.1875978
2665,172.6114764
2666,174.8886692
2667,166.8807849
2668,169.8611397
2669,182.553867
2670,172.2510879
2671,175.3008906
2672,177.7582636
2673,168.2643782
2674,175.288221
2675,169.5442517
2676,168.3917917
2677,170.9198671
2678,177.031966
2679,178.5318691
2680,172.0641668
2681,176.3321329
2682,178.975223
2683,177.8044826
2684,175.0941694
2685,170.8204278
2686,175.8304385
2687,172.8752699
2688,163.0959654
2689,176.7855454
2690,171.6180702
2691,176.2094719
2692,172.3823263
2693,182.0797236
2694,176.5352279
2695,168.5717217
2696,163.2772325
2697,171.4089516
2698,167.1829732
2699,173.5384568
2700,162.2381737
2701,176.8705235
2702,175.6786423
2703,178.9959055
2704,174.1077007
2705,180.8409027
2706,173.9266226
2707,181.4898109
2708,173.5238349
2709,171.9254337
2710,167.4289325
2711,173.9285426
2712,173.7630476
2713,180.6312399
2714,174.5000148
2715,177.9922572
2716,170.8515008
2717,174.8265664
2718,175.6407476
2719,171.7275645
2720,173.6860779
2721,170.535272
2722,176.750924
2723,172.1489099
2724,175.3637804
2725,170.6465842
2726,178.4871744
2727,171.5286213
2728,174.2198153
2729,178.5543985
2730,171.764463
2731,165.5409801
2732,178.0140396
2733,175.4383915
2734,168.4094519
2735,170.4378023
2736,177.080969
2737,168.9586336
2738,170.232444
2739,167.9012116
2740,166.9869462
2741,176.5468521
2742,176.1559957
2743,161.6447199
2744,178.7051567
2745,176.0515362
2746,170.8535577
2747,169.0207926
2748,170.9785819
2749,178.3295703
2750,174.7384548
2751,164.6758434
2752,168.3186797
2753,165.8841351
2754,167.1951581
2755,164.0443586
2756,163.4216746
2757,177.0368019
2758,173.6163323
2759,168.210014
2760,175.407233
2761,173.5539822
2762,178.9857157
2763,158.7618116
2764,177.9182464
2765,166.6176963
2766,167.2642119
2767,171.0352804
2768,174.0082782
2769,169.6676113
2770,175.8197049
2771,183.0427296
2772,175.9955533
2773,173.3916686
2774,167.8121449
2775,172.5502138
2776,165.9412916
2777,169.7342612
2778,168.9154181
2779,171.803627
2780,164.1255866
2781,177.5896329
2782,179.9458515
2783,173.3170788
2784,175.9465808
2785,174.4914049
2786,168.0478125
2787,177.777732
2788,171.5710896
2789,164.7170897
2790,166.5881703
2791,175.6028758
2792,167.5227652
2793,170.9395835
2794,174.5803286
2795,173.1227809
2796,176.6828759
2797,166.1148825
2798,180.3312101
2799,173.2072813
2800,166.1103839
2801,162.3077382
2802,170.7477677
2803,176.6082872
2804,173.3761208
2805,167.4364511
2806,172.7118342
2807,174.5398588
2808,167.5138176
2809,173.4503135
2810,176.5093099
2811,173.2629532
2812,163.7962391
2813,167.4917934
2814,170.5421108
2815,168.663555
2816,164.2665078
2817,172.1514414
2818,172.0412631
2819,179.8922247
2820,164.6558368
2821,180.841499
2822,177.0048583
2823,176.3285126
2824,170.3272419
2825,162.3776773
2826,168.724085
2827,177.9691355
2828,172.9032826
2829,171.1968983
2830,167.9584888
2831,174.8869697
2832,164.0576686
2833,173.165124
2834,167.1950177
2835,175.8552245
2836,175.7650724
2837,165.448891
2838,165.4412177
2839,173.9961641
2840,176.8560111
2841,168.0969886
2842,176.0029845
2843,172.9174764
2844,173.3926891
2845,171.8824851
2846,167.9791892
2847,173.805733
2848,171.2532265
2849,169.0453089
2850,165.0639388
2851,163.6985415
2852,168.3565135
2853,166.9144118
2854,173.689651
2855,173.5582264
2856,179.4293186
2857,177.1226599
2858,179.291135
2859,170.8166952
2860,163.9934258
2861,173.4193643
2862,172.4966196
2863,171.6467027
2864,176.6272672
2865,177.0154929
2866,174.9086752
2867,173.0910979
2868,177.7683715
2869,170.2922899
2870,172.7111134
2871,171.1546264
2872,182.1359842
2873,180.9096407
2874,170.9940195
2875,174.7545247
2876,175.1290072
2877,177.1509379
2878,176.5763305
2879,165.9179349
2880,174.0505874
2881,165.952172
2882,166.1156684
2883,168.6551565
2884,171.6109075
2885,172.0738596
2886,173.7640642
2887,167.0509114
2888,173.5243198
2889,177.4609429
2890,176.3498519
2891,175.1388306
2892,182.1853057
2893,178.0047489
2894,179.3653586
2895,177.7434512
2896,173.2877405
2897,173.2110437
2898,171.1232478
2899,171.4061659
2900,166.5559372
2901,172.6152657
2902,167.6059687
2903,169.7587396
2904,169.9373242
2905,172.4143287
2906,171.4121102
2907,173.7081696
2908,170.5446756
2909,167.8912886
2910,167.4930573
2911,169.0634216
2912,169.6029319
2913,178.905196
2914,170.2807177
2915,170.8011616
2916,172.8525441
2917,171.5918016
2918,179.9589879
2919,173.5504002
2920,164.554399
2921,171.5594357
2922,173.8447714
2923,176.3097308
2924,175.2988381
2925,172.1762266
2926,181.2005623
2927,179.7336057
2928,168.5725999
2929,173.0063633
2930,175.2091458
2931,172.032112
2932,174.638535
2933,169.6499134
2934,171.4699146
2935,175.0686275
2936,170.4633245
2937,168.4610774
2938,167.7961405
2939,167.1872116
2940,169.780675
2941,165.6842953
2942,169.2758674
2943,170.6531941
2944,170.0075919
2945,174.5353178
2946,171.6570055
2947,169.3368682
2948,171.3470175
2949,171.5413865
2950,175.1741809
2951,179.7261054
2952,178.0106732
2953,176.2407102
2954,174.4562314
2955,173.9099824
2956,172.838602
2957,171.7587791
2958,168.0474801
2959,170.3932796
2960,174.183435
2961,174.0874628
2962,171.2422705
2963,173.3035199
2964,176.9775413
2965,167.465759
2966,177.9626507
2967,171.4703589
2968,177.2031456
2969,169.7627643
2970,172.945778
2971,171.2930978
2972,167.7732876
2973,178.2972506
2974,172.4678726
2975,174.6945331
2976,168.2605873
2977,172.002614
2978,177.8365076
2979,171.9411323
2980,177.6444164
2981,174.3234703
2982,170.3367005
2983,178.8549623
2984,162.2797012
2985,175.4591552
2986,175.7519891
2987,174.2704871
2988,170.6878755
2989,167.9489036
2990,166.470874
2991,168.9685255
2992,175.6591901
2993,161.8548749
2994,168.4855773
2995,171.8795332
2996,180.1688573
2997,171.4118455
2998,172.3455292
2999,171.3071441
3000,175.9073212
3001,165.5871666
3002,174.9515167
3003,172.9959729
3004,180.9054289
3005,167.4627576
3006,169.8436553
3007,181.884386
3008,183.3684599
3009,168.6350812
3010,167.9917274
3011,173.426462
3012,173.0394914
3013,167.7933776
3014,174.7304977
3015,184.1280076
3016,170.0057325
3017,181.8673698
3018,172.0098828
3019,175.8938071
3020,175.3674453
3021,163.9927695
3022,170.5119649
3023,175.4370728
3024,174.3057512
3025,158.1632756
3026,174.1045827
3027,175.4159712
3028,169.5955868
3029,169.8447568
3030,174.2951821
3031,165.7109923
3032,162.5783259
3033,167.6158653
3034,170.5374307
3035,187.4982251
3036,170.7696803
3037,172.878507
3038,178.818106
3039,168.278964
3040,175.5898966
3041,169.6954542
3042,172.5153653
3043,168.1869443
3044,176.4005412
3045,180.9961416
3046,167.1903317
3047,171.0005911
3048,169.5849497
3049,174.2942752
3050,173.7048659
3051,172.2182481
3052,171.4724973
3053,173.904648
3054,173.7162912
3055,170.9343341
3056,171.4371566
3057,178.1375252
3058,167.4874371
3059,171.2760028
3060,174.4155952
3061,170.9683412
3062,179.8370208
3063,173.0509812
3064,167.1182822
3065,182.5699627
3066,166.9852778
3067,170.3671928
3068,179.4277933
3069,178.8417501
3070,172.8244254
3071,174.5977208
3072,166.9187394
3073,176.6932656
3074,169.7193983
3075,167.8604711
3076,176.7109998
3077,167.2930333
3078,159.9870429
3079,175.0088949
3080,165.5002145
3081,172.5861297
3082,170.8017692
3083,159.4235366
3084,165.4961624
3085,171.2627189
3086,164.6862113
3087,170.8946321
3088,173.0776433
3089,178.0636837
3090,162.9344111
3091,172.6451379
3092,174.186276
3093,164.7442164
3094,173.6384682
3095,169.8500516
3096,162.1639508
3097,175.4521962
3098,171.3286234
3099,180.3904517
3100,178.5870635
3101,172.0535845
3102,168.0372138
3103,171.7316835
3104,167.7733818
3105,162.2273931
3106,166.8866153
3107,174.8779946
3108,177.2980689
3109,169.3435933
3110,177.0355731
3111,171.4149893
3112,165.245108
3113,177.1371021
3114,172.8462352
3115,171.3825983
3116,176.8464604
3117,171.3643731
3118,164.6302481
3119,162.1221796
3120,167.7438472
3121,162.4356189
3122,175.1790328
3123,168.7426963
3124,177.9144354
3125,170.053817
3126,175.5736909
3127,180.7357308
3128,176.8395458
3129,167.2068522
3130,165.2069378
3131,182.045
3132,176.0005934
3133,173.2721382
3134,179.3769766
3135,171.1941968
3136,179.2420002
3137,169.3929907
3138,167.1211832
3139,169.4171714
3140,173.3042476
3141,171.293302
3142,180.7621859
3143,172.8787712
3144,173.7921257
3145,162.5220399
3146,170.0111092
3147,163.6530486
3148,180.4564354
3149,165.7980724
3150,179.0296518
3151,168.2753943
3152,183.1243193
3153,176.6531834
3154,165.8228696
3155,178.0639833
3156,166.5719154
3157,178.6155712
3158,183.8232636
3159,182.4115472
3160,166.182608
3161,169.4965612
3162,176.1233753
3163,177.7760728
3164,173.8548049
3165,172.04744
3166,172.7729053
3167,174.3700625
3168,170.4929665
3169,175.1315646
3170,181.3047575
3171,172.582073
3172,179.0352983
3173,173.0471022
3174,180.8386813
3175,168.9124768
3176,173.4742654
3177,175.1877107
3178,178.8895687
3179,172.2116068
3180,166.3302303
3181,183.0044571
3182,172.8317175
3183,165.6758118
3184,177.1697151
3185,171.4205806
3186,172.3191355
3187,171.8488502
3188,162.8090762
3189,181.7717241
3190,176.3300321
3191,176.693683
3192,173.973703
3193,176.8550652
3194,164.8380464
3195,169.0327258
3196,167.957262
3197,164.3338644
3198,174.4577082
3199,174.6012568
3200,168.7243533
3201,177.2666972
3202,174.5484689
3203,165.772402
3204,173.3664699
3205,171.5911291
3206,171.3580631
3207,175.1786407
3208,169.992178
3209,168.7765453
3210,166.3202133
3211,162.7771285
3212,167.6704419
3213,167.0927453
3214,182.3929291
3215,169.9927949
3216,176.7540939
3217,177.4634537
3218,167.5502332
3219,172.0255227
3220,167.7604165
3221,172.0131849
3222,174.8917456
3223,180.1310001
3224,173.9289122
3225,171.7845022
3226,173.9876401
3227,176.5417996
3228,170.1214426
3229,165.4877668
3230,171.5454987
3231,177.0574846
3232,172.2206132
3233,169.8051048
3234,172.0539435
3235,175.7647773
3236,166.4358313
3237,184.1963722
3238,180.2675159
3239,180.03094
3240,176.4624109
3241,174.3014038
3242,174.6043621
3243,174.814659
3244,170.3639324
3245,176.188151
3246,172.5718586
3247,174.7515258
3248,175.7619693
3249,168.9623819
3250,170.601699
3251,173.9276093
3252,170.7952345
3253,169.419872
3254,175.2089929
3255,174.3965828
3256,180.445833
3257,169.2766663
3258,177.830736
3259,172.2554638
3260,177.5793999
3261,171.8306048
3262,169.1123437
3263,179.4662864
3264,165.0514923
3265,183.4549499
3266,170.4903604
3267,171.0461697
3268,168.2692922
3269,168.5567046
3270,180.7901655
3271,169.1871615
3272,170.5826129
3273,166.2202964
3274,166.6101513
3275,169.4396645
3276,173.3122022
3277,176.880101
3278,172.5347056
3279,174.4554783
3280,179.4977204
3281,168.9272275
3282,157.8110241
3283,159.3841922
3284,171.1752754
3285,170.6991893
3286,167.5284642
3287,174.7631356
3288,176.4375927
3289,164.2385693
3290,173.696541
3291,172.6812838
3292,175.7736757
3293,168.491566
3294,170.532818
3295,162.4861202
3296,179.6008399
3297,173.104323
3298,172.7420084
3299,167.5257794
3300,170.0601278
3301,165.2906453
3302,174.2659143
3303,168.7009642
3304,165.075845
3305,174.5772859
3306,171.9636295
3307,165.8197597
3308,172.6089863
3309,173.392996
3310,174.0352515
3311,177.31872
3312,178.712914
3313,176.1679713
3314,160.7810933
3315,169.313163
3316,172.2804272
3317,173.4143849
3318,167.1488261
3319,175.0650137
3320,161.9549991
3321,165.5537377
3322,174.5856062
3323,165.3665038
3324,171.5169315
3325,177.464928
3326,171.0521867
3327,161.2926722
3328,166.7357358
3329,165.3916617
3330,176.9532219
3331,180.6507404
3332,175.0677433
3333,175.405755
3334,160.07457
3335,179.1430057
3336,157.4822006
3337,171.6794164
3338,175.99669
3339,167.8075693
3340,181.804537
3341,169.1714328
3342,178.5431596
3343,163.3507627
3344,178.7121407
3345,166.5788333
3346,178.5641007
3347,170.848383
3348,171.8535561
3349,166.3234149
3350,176.0954066
3351,176.3759797
3352,181.6969791
3353,166.8802056
3354,171.7354665
3355,167.7619709
3356,175.0683505
3357,172.8536254
3358,172.197421
3359,184.7579571
3360,174.6109691
3361,173.360973
3362,176.7701804
3363,171.9782329
3364,162.7045738
3365,175.6618777
3366,160.1507527
3367,168.3400451
3368,172.3720501
3369,163.5970387
3370,168.7476937
3371,167.7014125
3372,169.1026423
3373,176.2305345
3374,170.1295815
3375,181.3950253
3376,168.1807202
3377,178.111102
3378,175.0862476
3379,179.7874983
3380,174.9864708
3381,173.4552076
3382,163.8686878
3383,178.0507511
3384,171.3994077
3385,169.0730825
3386,168.9961997
3387,176.21761
3388,168.4011699
3389,176.7005117
3390,171.6759517
3391,166.78296
3392,174.5729009
3393,162.4794208
3394,160.2561169
3395,171.4387887
3396,179.1813933
3397,174.9366905
3398,170.7084115
3399,181.7254248
3400,169.4270838
3401,178.2441396
3402,165.4508494
3403,164.1937902
3404,169.442049
3405,173.3268819
3406,178.3481387
3407,171.7331587
3408,173.6875386
3409,178.8489495
3410,179.9294804
3411,164.7712033
3412,159.4840473
3413,179.9601841
3414,170.3814232
3415,179.4607294
3416,167.7272548
3417,176.1959091
3418,173.6231427
3419,171.680064
3420,166.7383926
3421,177.5090081
3422,164.6155997
3423,169.8816138
3424,160.6969149
3425,168.7542314
3426,173.3193694
3427,161.5698791
3428,163.8686093
3429,174.1422222
3430,163.515616
3431,166.7898092
3432,173.5862052
3433,165.6450643
3434,176.2002178
3435,168.6017416
3436,176.2266531
3437,172.0731802
3438,173.6146592
3439,175.7982706
3440,170.3235649
3441,168.9721647
3442,161.667889
3443,173.9275047
3444,177.6404466
3445,174.086142
3446,176.6789997
3447,167.093146
3448,174.6466069
3449,167.3292263
3450,176.0549326
3451,174.7079585
3452,177.9939209
3453,172.1692327
3454,178.2832901
3455,170.7239463
3456,172.9970384
3457,170.5312647
3458,170.9254608
3459,173.3920055
3460,172.0545704
3461,166.5446055
3462,169.289073
3463,179.9027945
3464,168.2907007
3465,180.6468193
3466,172.2575723
3467,174.1010512
3468,166.9412102
3469,167.8442897
3470,173.7711014
3471,179.4323638
3472,171.3173331
3473,164.2980129
3474,165.0896607
3475,168.4672451
3476,167.2254407
3477,178.8475603
3478,167.0066003
3479,175.2743228
3480,168.46642
3481,181.0022088
3482,177.1925061
3483,171.8312279
3484,167.6867751
3485,168.4410711
3486,167.321945
3487,163.2582025
3488,170.2275756
3489,173.4502101
3490,172.3785806
3491,162.8474359
3492,174.3129091
3493,169.4422508
3494,163.6652517
3495,166.3062366
3496,174.3641748
3497,166.70539
3498,171.4632707
3499,168.1793554
3500,178.2577292
3501,176.4710808
3502,172.5527685
3503,173.414269
3504,189.5234362
3505,170.4896665
3506,176.2135513
3507,182.6238672
3508,160.0119535
3509,182.2118305
3510,175.2873465
3511,166.3323154
3512,174.0610107
3513,170.351607
3514,179.7570092
3515,174.4574881
3516,177.2321381
3517,169.6659184
3518,179.5673195
3519,174.5048339
3520,175.2893605
3521,164.8620803
3522,163.7671897
3523,164.2481047
3524,167.9832163
3525,173.2748042
3526,180.3390947
3527,173.1309018
3528,177.054793
3529,171.1103957
3530,168.7951338
3531,177.2722584
3532,165.3019298
3533,174.3545956
3534,168.36635
3535,170.7939365
3536,162.3058056
3537,178.5361067
3538,158.8724979
3539,181.9436695
3540,168.8958095
3541,165.6521074
3542,158.8921682
3543,176.2339794
3544,170.9954112
3545,166.4225571
3546,162.5418488
3547,165.7526971
3548,176.6664609
3549,169.398844
3550,182.1311652
3551,173.1464067
3552,174.8297803
3553,172.3440266
3554,166.839217
3555,171.1726914
3556,179.5004702
3557,166.7609184
3558,169.6976686
3559,170.4125089
3560,177.4327947
3561,172.3851255
3562,170.3412717
3563,163.167529
3564,173.4243753
3565,173.6456753
3566,169.355775
3567,169.5864896
3568,165.8112326
3569,169.8313106
3570,169.4211475
3571,176.1852076
3572,177.3648166
3573,166.5653499
3574,175.9061633
3575,173.8419005
3576,168.7811948
3577,180.7596675
3578,173.9728393
3579,173.9913091
3580,173.1269598
3581,178.7433372
3582,178.2972748
3583,179.891243
3584,176.1491939
3585,164.1765345
3586,163.3643781
3587,175.6950722
3588,170.0504849
3589,166.2605655
3590,164.9150659
3591,170.2772417
3592,166.1803772
3593,167.6275677
3594,165.9657801
3595,183.4944779
3596,163.9440067
3597,179.4994014
3598,172.0831177
3599,172.0247801
3600,174.8816179
3601,167.0589377
3602,173.5593588
3603,170.5187332
3604,176.588856
3605,167.4459325
3606,166.9338229
3607,167.1637779
3608,177.3271979
3609,170.8671892
3610,177.868872
3611,163.7234598
3612,163.5411203
3613,179.8105216
3614,173.7210665
3615,175.4293617
3616,170.7813569
3617,173.0816861
3618,169.4653364
3619,176.6602315
3620,183.2087137
3621,174.5435214
3622,169.5286919
3623,174.5795622
3624,174.1175316
3625,172.0531672
3626,163.9270748
3627,167.4235144
3628,172.9029183
3629,174.2503345
3630,168.9588024
3631,176.5424446
3632,165.4840162
3633,177.2555196
3634,166.3868962
3635,167.7476598
3636,167.3677476
3637,169.6614249
3638,162.1947534
3639,172.183605
3640,174.7528331
3641,183.3562037
3642,173.7870771
3643,176.2777044
3644,172.9047082
3645,174.263116
3646,170.8100616
3647,180.4083161
3648,167.5540161
3649,173.6242139
3650,171.2727762
3651,164.3021607
3652,169.8123316
3653,170.8817247
3654,175.6053655
3655,171.3412077
3656,178.5538991
3657,175.976164
3658,165.6594083
3659,171.7030002
3660,179.9916699
3661,174.2651641
3662,168.861364
3663,167.1278055
3664,181.2709535
3665,174.0772825
3666,163.9858968
3667,168.3934973
3668,177.9750958
3669,172.8742009
3670,172.4011603
3671,170.8924868
3672,180.008589
3673,171.1021616
3674,181.8628376
3675,167.4736665
3676,174.336075
3677,174.1253662
3678,170.8249463
3679,173.495674
3680,164.4534966
3681,176.8783164
3682,170.8020838
3683,170.1850853
3684,175.7656776
3685,171.9233859
3686,168.4472551
3687,167.7984354
3688,178.8717757
3689,179.6313423
3690,170.8246087
3691,175.1735105
3692,176.906689
3693,167.9615569
3694,170.2955021
3695,169.1134056
3696,171.8242102
3697,171.9813143
3698,169.1857731
3699,174.9833026
3700,169.1658524
3701,176.8096813
3702,176.727225
3703,173.1373868
3704,171.4659342
3705,157.8459963
3706,164.8699542
3707,174.9187878
3708,160.6389301
3709,177.0790844
3710,170.1336004
3711,177.4915007
3712,173.8415511
3713,174.6186339
3714,167.7315253
3715,171.9499564
3716,170.4459396
3717,170.8091627
3718,169.75656
3719,174.4270481
3720,169.9766786
3721,168.2993008
3722,170.367427
3723,169.9112736
3724,173.2620714
3725,175.0446606
3726,164.2800261
3727,165.4262663
3728,178.2113317
3729,165.7547431
3730,169.4511308
3731,175.4754841
3732,179.5552749
3733,169.629038
3734,174.2146519
3735,166.1328912
3736,171.1077098
3737,169.0982362
3738,165.3617446
3739,162.4139165
3740,171.1511314
3741,173.0549264
3742,166.6979366
3743,171.2793796
3744,163.9025934
3745,176.5055785
3746,167.6251034
3747,173.1428365
3748,176.015663
3749,175.3144117
3750,161.7304055
3751,174.0606815
3752,165.7295519
3753,173.6782382
3754,162.990471
3755,182.5914393
3756,174.7847018
3757,172.1817744
3758,168.2650585
3759,166.829097
3760,175.8257183
3761,161.4037075
3762,172.791201
3763,182.3748014
3764,166.5119045
3765,161.4297153
3766,174.2683473
3767,163.9695458
3768,170.2727908
3769,171.540123
3770,170.7925208
3771,176.9268536
3772,176.820484
3773,167.6194489
3774,165.3508952
3775,176.2203809
3776,162.8566724
3777,174.2955548
3778,171.9628529
3779,175.300806
3780,170.2801329
3781,170.0761139
3782,168.8206022
3783,162.6889434
3784,181.7033253
3785,171.1967884
3786,165.176522
3787,168.2077385
3788,170.6813069
3789,169.9924597
3790,166.4129204
3791,164.8196517
3792,168.3946599
3793,173.7305746
3794,162.1135045
3795,174.2618056
3796,169.6397733
3797,167.8007559
3798,170.0931136
3799,173.8598521
3800,175.6734908
3801,172.2624327
3802,177.6786183
3803,168.4192159
3804,167.0815423
3805,163.5347825
3806,169.7581979
3807,175.3581829
3808,170.606134
3809,168.2775976
3810,166.4591165
3811,170.0918581
3812,168.9816043
3813,171.3051834
3814,172.4014796
3815,177.213544
3816,171.1313095
3817,174.2925824
3818,164.3284158
3819,174.9216812
3820,171.821831
3821,167.382523
3822,167.4846194
3823,167.7557833
3824,173.8432202
3825,175.7787904
3826,166.8405679
3827,166.9868445
3828,171.0917509
3829,173.4158607
3830,181.6219001
3831,166.4880199
3832,166.6879355
3833,168.0170777
3834,170.5651357
3835,174.3048847
3836,165.8226704
3837,175.2425628
3838,170.6934232
3839,172.6562321
3840,166.1548036
3841,170.9621729
3842,168.7059671
3843,177.5053266
3844,171.30645
3845,168.7852705
3846,171.3529668
3847,171.9627683
3848,171.6142707
3849,177.3847667
3850,169.4337249
3851,178.0344345
3852,170.9605791
3853,165.8564896
3854,166.0905975
3855,169.0377938
3856,165.7786644
3857,169.3017857
3858,169.545248
3859,179.8800478
3860,173.4035522
3861,175.6724041
3862,178.784409
3863,174.7907009
3864,168.8757733
3865,174.8718738
3866,166.2864254
3867,160.7608701
3868,169.9210935
3869,169.3893753
3870,167.0604638
3871,168.6594745
3872,172.4509015
3873,167.5010838
3874,179.6562186
3875,170.457013
3876,183.2879912
3877,174.4583747
3878,172.2854238
3879,178.3499522
3880,164.4350814
3881,167.8839285
3882,173.8442673
3883,164.6799165
3884,169.1301956
3885,173.3303123
3886,175.6959456
3887,171.2346822
3888,180.8653992
3889,167.4409891
3890,167.6970288
3891,171.2577115
3892,168.1684064
3893,172.1161981
3894,174.6238623
3895,176.9667677
3896,170.9704998
3897,160.5902121
3898,169.5602108
3899,170.4654227
3900,178.8849348
3901,177.115583
3902,174.5925189
3903,161.6037915
3904,172.1574213
3905,167.8916525
3906,168.1039603
3907,168.978135
3908,170.7539917
3909,171.0034791
3910,172.3895517
3911,169.9412829
3912,177.6281086
3913,173.9044184
3914,172.3557778
3915,166.4162761
3916,176.0579194
3917,173.3333942
3918,169.9097109
3919,162.3603886
3920,168.6254053
3921,173.66627
3922,169.3796238
3923,170.0881427
3924,172.6249493
3925,175.1148538
3926,171.6885978
3927,179.2397883
3928,172.6378208
3929,169.453489
3930,169.2874558
3931,169.6237841
3932,175.1537789
3933,176.6806872
3934,174.172154
3935,175.24902
3936,171.2132233
3937,162.4341544
3938,169.6216029
3939,165.5503084
3940,173.3290882
3941,179.7397912
3942,172.0036153
3943,174.930646
3944,165.8972767
3945,165.5685615
3946,172.0267462
3947,174.786722
3948,167.3642341
3949,169.6695545
3950,169.1311151
3951,166.2981504
3952,178.7763117
3953,176.1764901
3954,172.3571607
3955,168.5111203
3956,170.0934862
3957,170.1463475
3958,179.4609518
3959,178.2643443
3960,180.9310358
3961,169.1129543
3962,170.0348917
3963,175.6027446
3964,169.9704362
3965,183.4549144
3966,165.8392552
3967,177.0833391
3968,163.9150543
3969,170.9312911
3970,172.2270483
3971,174.9323977
3972,167.9713797
3973,163.7439573
3974,173.7629218
3975,167.1603296
3976,177.6550248
3977,176.1000897
3978,172.592329
3979,172.3730329
3980,176.4745878
3981,167.7038413
3982,175.8972639
3983,167.3954858
3984,177.0279941
3985,176.7062387
3986,169.9396126
3987,171.7891419
3988,168.8663421
3989,172.7768855
3990,164.523319
3991,166.3042926
3992,172.6745222
3993,172.7917872
3994,179.70871
3995,177.7725997
3996,181.6173051
3997,170.1894599
3998,171.3085054
3999,169.9181404
4000,165.3150275
4001,170.9697431
4002,168.3716199
4003,182.7023262
4004,172.1835851
4005,167.7868714
4006,177.0622683
4007,178.3248624
4008,171.3299533
4009,165.622016
4010,171.9755448
4011,170.9625392
4012,172.0215325
4013,166.7277669
4014,177.7596607
4015,172.9930419
4016,175.4503614
4017,169.4773666
4018,172.5751752
4019,179.674456
4020,175.0647003
4021,169.8212266
4022,172.7030685
4023,169.2962505
4024,171.1692961
4025,167.5181529
4026,172.994053
4027,166.6166144
4028,170.7065961
4029,173.4675038
4030,177.5836777
4031,182.3542975
4032,172.4295471
4033,169.9511878
4034,176.3748344
4035,172.5387582
4036,172.3774516
4037,163.5688046
4038,172.1525569
4039,172.6345692
4040,171.7684363
4041,173.8957543
4042,170.3947345
4043,171.4885223
4044,169.4355418
4045,185.0247761
4046,165.5084448
4047,170.9580034
4048,178.3050733
4049,163.441096
4050,164.6699341
4051,174.6096449
4052,168.0905922
4053,163.2630816
4054,170.2195689
4055,169.9142336
4056,175.0669842
4057,178.097321
4058,176.8346418
4059,169.0299417
4060,172.5275203
4061,168.7731679
4062,178.5059955
4063,173.8424617
4064,165.5629404
4065,177.2077687
4066,172.1886925
4067,169.3471595
4068,177.1127796
4069,177.8852119
4070,169.3997201
4071,176.1130294
4072,177.1596533
4073,174.1612705
4074,177.7293669
4075,175.9469084
4076,173.0981929
4077,176.4384361
4078,174.9470025
4079,171.1842265
4080,176.3065266
4081,173.8900066
4082,168.1511186
4083,175.195105
4084,177.4672088
4085,172.8355232
4086,167.5106655
4087,166.7773918
4088,165.0738548
4089,170.4404512
4090,171.5208141
4091,169.2878528
4092,172.4095076
4093,172.9349165
4094,172.3583441
4095,168.2643824
4096,171.3843348
4097,176.6800261
4098,169.0747747
4099,174.5309279
4100,168.0283088
4101,172.2048108
4102,173.5608314
4103,162.8741165
4104,172.3219109
4105,168.1547207
4106,181.1630348
4107,174.6581121
4108,177.25275
4109,170.5252169
4110,179.763581
4111,161.9806042
4112,174.0626301
4113,169.1761435
4114,175.3732399
4115,162.2439778
4116,172.2020109
4117,168.0079587
4118,164.6095427
4119,168.6120612
4120,175.4527049
4121,178.0338401
4122,173.0171384
4123,169.0087418
4124,172.2964948
4125,174.1950532
4126,163.6343575
4127,170.7349384
4128,171.2598758
4129,168.6617781
4130,176.0585762
4131,164.572262
4132,171.7687437
4133,171.4397112
4134,170.277344
4135,171.2990863
4136,174.3781202
4137,173.3925663
4138,171.7772372
4139,174.018583
4140,174.6945573
4141,180.6033158
4142,166.7070973
4143,168.4659893
4144,167.3615093
4145,174.502558
4146,177.850946
4147,178.5454539
4148,174.1347526
4149,167.652961
4150,175.3126928
4151,161.4301054
4152,166.2420311
4153,166.8013348
4154,171.1927929
4155,171.3628361
4156,174.2788647
4157,168.1535174
4158,173.3437282
4159,164.4461346
4160,172.9709511
4161,168.3717234
4162,164.6265053
4163,177.8519335
4164,164.4935548
4165,169.6648511
4166,173.6521908
4167,173.5896429
4168,169.9803686
4169,173.4841928
4170,175.5464102
4171,168.486327
4172,179.9597986
4173,176.9990257
4174,171.4352549
4175,186.7683664
4176,174.6303173
4177,163.9382918
4178,167.4849895
4179,174.8310778
4180,168.9486975
4181,174.9167765
4182,179.9305637
4183,171.4734166
4184,178.3139127
4185,168.3938906
4186,170.3102827
4187,173.7231689
4188,172.8617183
4189,176.7562489
4190,181.3233323
4191,186.772992
4192,167.7974461
4193,172.3283493
4194,178.6090317
4195,175.574777
4196,178.5400108
4197,167.770709
4198,169.9944067
4199,172.2159185
4200,170.3667405
4201,176.0423364
4202,164.3268991
4203,172.1977566
4204,165.8561385
4205,167.081906
4206,173.1495521
4207,178.7385243
4208,171.696211
4209,173.6655606
4210,167.7705363
4211,174.9421263
4212,180.3289875
4213,167.2661604
4214,167.9871074
4215,167.8265359
4216,163.5866696
4217,165.1448891
4218,171.4122862
4219,175.7046963
4220,172.9619888
4221,177.3152424
4222,169.6632578
4223,169.2445995
4224,164.1648949
4225,173.8227349
4226,169.7467632
4227,165.4597161
4228,182.7134898
4229,177.8051886
4230,174.3024409
4231,178.0456249
4232,176.243366
4233,180.9080686
4234,178.722872
4235,175.6203355
4236,183.0488871
4237,171.5347526
4238,177.3311766
4239,176.7949201
4240,174.1673161
4241,162.1827003
4242,169.1450121
4243,170.8348837
4244,168.5438106
4245,166.1464213
4246,162.299902
4247,161.23394
4248,172.9973984
4249,172.5936061
4250,174.7564677
4251,176.746032
4252,178.0036772
4253,171.2401816
4254,173.44924
4255,184.7977845
4256,171.9406549
4257,169.0720056
4258,170.1818621
4259,170.1716339
4260,175.5774224
4261,164.1923944
4262,183.9241987
4263,173.4123194
4264,184.0991123
4265,169.5570285
4266,175.4494284
4267,178.134135
4268,174.5642152
4269,173.1918968
4270,166.9964156
4271,174.692464
4272,173.7019526
4273,166.8675154
4274,165.8492235
4275,167.014177
4276,179.5477876
4277,179.0828493
4278,175.6902922
4279,174.9234391
4280,171.1500058
4281,166.1531278
4282,169.3090123
4283,172.6118868
4284,181.6274006
4285,168.5264389
4286,169.9521451
4287,176.2030553
4288,169.7111002
4289,171.9569416
4290,173.2206445
4291,170.0222406
4292,167.7688417
4293,166.9827592
4294,170.8868516
4295,170.1837225
4296,173.1659155
4297,169.6201179
4298,181.6354132
4299,170.8601824
4300,165.4819748
4301,167.0858375
4302,172.4773994
4303,174.9575934
4304,167.4981417
4305,172.5561362
4306,175.2152514
4307,165.911247
4308,167.5846536
4309,175.7619179
4310,167.7581466
4311,180.0561067
4312,174.9741957
4313,179.2546711
4314,168.816063
4315,169.031343
4316,175.588774
4317,171.0160768
4318,178.4104361
4319,176.3851581
4320,179.048499
4321,176.1293173
4322,164.8208498
4323,161.0943391
4324,175.6571838
4325,175.5020916
4326,162.4202286
4327,174.478087
4328,169.5781842
4329,172.2344174
4330,178.6956084
4331,170.3167013
4332,165.2383931
4333,170.7422367
4334,173.6420829
4335,166.4025831
4336,173.1478293
4337,172.420677
4338,167.7298119
4339,173.3778592
4340,183.6011812
4341,167.2753512
4342,164.8367071
4343,175.2849542
4344,168.7304641
4345,176.9654137
4346,179.3779856
4347,172.8446161
4348,173.1277368
4349,178.3774877
4350,172.485887
4351,166.3054451
4352,173.8777757
4353,170.0011999
4354,170.9385826
4355,176.8273764
4356,173.9934769
4357,163.9680708
4358,164.8247418
4359,169.5579561
4360,172.274183
4361,174.8266822
4362,167.9292217
4363,171.8260117
4364,183.4817159
4365,171.5890663
4366,165.1581808
4367,164.7369705
4368,163.9344151
4369,172.1299864
4370,168.6051621
4371,173.6620527
4372,163.3675891
4373,178.7826432
4374,167.5548662
4375,176.3415638
4376,172.3826327
4377,168.6067093
4378,162.3476007
4379,170.4347227
4380,172.5286075
4381,167.2226966
4382,169.6980596
4383,171.5544203
4384,161.0241029
4385,175.8194637
4386,180.7052949
4387,174.6485466
4388,163.0516271
4389,172.7103853
4390,174.5095354
4391,175.4196056
4392,175.331864
4393,174.2077823
4394,173.3903733
4395,156.4352831
4396,179.8225748
4397,169.7301029
4398,173.1298633
4399,167.2974216
4400,184.4403246
4401,166.3216829
4402,166.1177793
4403,165.2553297
4404,168.8218099
4405,179.2275013
4406,173.9595807
4407,171.7728744
4408,163.8428255
4409,175.6187758
4410,165.3925719
4411,171.7455195
4412,169.7655878
4413,172.8194481
4414,169.7899434
4415,162.3459057
4416,169.5526118
4417,174.6304998
4418,166.5855877
4419,173.8880725
4420,169.0272462
4421,175.3997659
4422,171.4565331
4423,171.3714721
4424,179.9007248
4425,171.0136306
4426,171.159373
4427,176.4809283
4428,166.9270714
4429,166.5397622
4430,171.8042806
4431,170.4213139
4432,171.6507649
4433,169.9465302
4434,170.9743729
4435,173.924898
4436,171.9344004
4437,175.6869276
4438,171.347365
4439,165.68898
4440,173.9936731
4441,162.5935186
4442,172.9802698
4443,166.6879963
4444,171.8791451
4445,170.468258
4446,164.9732765
4447,169.7314863
4448,166.2809666
4449,171.8327111
4450,175.7163879
4451,176.3320854
4452,177.528477
4453,169.7154476
4454,176.1345311
4455,174.0491084
4456,176.1983032
4457,158.5801106
4458,170.047879
4459,163.1174871
4460,174.6430164
4461,171.2365932
4462,170.622832
4463,164.6611827
4464,182.6053675
4465,172.0125716
4466,167.5073489
4467,168.6981338
4468,176.7527485
4469,170.0560292
4470,160.042218
4471,173.7299412
4472,174.2305383
4473,168.3142823
4474,170.0376293
4475,175.5216091
4476,174.10972
4477,170.9607679
4478,173.452083
4479,174.4318755
4480,168.9509997
4481,177.9352203
4482,161.7990432
4483,170.064121
4484,179.8664375
4485,191.0032295
4486,167.3349724
4487,164.5429257
4488,164.692811
4489,174.4320059
4490,176.0485359
4491,166.7156651
4492,179.5664313
4493,171.3087119
4494,177.3913229
4495,177.2002321
4496,169.5443824
4497,176.6454673
4498,174.3933036
4499,171.2754216
4500,172.2045841
4501,180.3312748
4502,173.1309107
4503,169.0203383
4504,167.9886013
4505,178.6379053
4506,173.7043588
4507,172.1738568
4508,162.6051272
4509,177.995788
4510,164.8565225
4511,172.5846247
4512,179.0077589
4513,163.4506811
4514,178.3629494
4515,173.4381921
4516,179.2720227
4517,181.7554957
4518,173.1148692
4519,169.5048379
4520,176.9689935
4521,173.9797779
4522,171.8907082
4523,161.592906
4524,180.3327219
4525,171.1141509
4526,172.1896699
4527,172.5763711
4528,169.8268978
4529,172.810351
4530,177.1104467
4531,171.0170067
4532,181.6253681
4533,170.8963626
4534,162.0808299
4535,166.6487543
4536,175.9655211
4537,166.7833093
4538,171.6966294
4539,171.5038042
4540,179.3837138
4541,169.1854389
4542,167.6409363
4543,179.719911
4544,170.6710461
4545,173.5913052
4546,160.7119577
4547,167.3969932
4548,166.9859243
4549,173.079944
4550,171.7423757
4551,171.9314163
4552,178.6940251
4553,174.6387291
4554,169.7119002
4555,171.8232961
4556,167.0679887
4557,174.067983
4558,167.8070425
4559,179.3078406
4560,174.8734044
4561,163.7439092
4562,179.6670561
4563,177.3135848
4564,161.663953
4565,173.2241735
4566,176.0056761
4567,171.7091414
4568,174.3462937
4569,173.7543713
4570,167.739931
4571,170.1627153
4572,168.7154222
4573,178.4236546
4574,167.7032778
4575,174.1896784
4576,170.9051155
4577,180.300666
4578,179.1180355
4579,179.9583212
4580,169.2255512
4581,170.6338323
4582,178.3548945
4583,179.9353323
4584,169.9431849
4585,167.8113723
4586,166.7322873
4587,177.208499
4588,174.1869733
4589,173.2874414
4590,169.1591149
4591,169.5704726
4592,167.2742445
4593,181.2848228
4594,163.2202147
4595,179.3298504
4596,184.1834112
4597,170.3292709
4598,168.7192568
4599,174.8516025
4600,170.4610398
4601,160.6095014
4602,172.073997
4603,171.7778031
4604,175.8525446
4605,172.1198617
4606,163.2773708
4607,174.9693272
4608,177.2475616
4609,163.9327216
4610,163.9604999
4611,172.2665354
4612,173.4362454
4613,176.5780314
4614,176.7718192
4615,173.4285107
4616,165.8978009
4617,169.150481
4618,164.4961318
4619,171.4035218
4620,182.7377694
4621,176.6035627
4622,171.6704787
4623,173.9996067
4624,174.6358525
4625,170.8113247
4626,174.9732133
4627,170.5633649
4628,186.1203339
4629,169.6583199
4630,176.3351914
4631,164.3588167
4632,172.6773136
4633,172.4544597
4634,178.9288847
4635,163.2228095
4636,175.4835587
4637,181.524511
4638,168.7006237
4639,165.7092474
4640,172.0677869
4641,172.8453001
4642,169.8719936
4643,173.7890459
4644,176.3942341
4645,172.164328
4646,175.7930634
4647,167.7856186
4648,166.7209519
4649,173.8224159
4650,172.4589391
4651,166.9352634
4652,174.7597923
4653,180.9837863
4654,168.4556271
4655,173.1542451
4656,171.4507292
4657,180.6875557
4658,168.7974094
4659,168.9604122
4660,170.6115389
4661,175.4062634
4662,165.4987741
4663,173.8740843
4664,174.6372411
4665,172.2239509
4666,162.5020375
4667,175.2804309
4668,180.5282714
4669,173.9678901
4670,164.0725639
4671,168.8258838
4672,179.9112599
4673,169.3009154
4674,171.2660559
4675,176.522092
4676,169.2543443
4677,175.9937219
4678,164.1488463
4679,169.2572633
4680,169.6577848
4681,171.5347277
4682,169.3589847
4683,170.2922745
4684,173.6282033
4685,178.1860622
4686,179.2065058
4687,170.9645732
4688,174.4120958
4689,173.7655884
4690,168.6419113
4691,171.0595174
4692,170.8463633
4693,180.6470496
4694,184.1731907
4695,163.2255955
4696,172.6002604
4697,172.6052042
4698,169.8649839
4699,170.7890367
4700,169.1791123
4701,177.725716
4702,169.7397533
4703,166.0737849
4704,171.8530079
4705,173.2629463
4706,173.3794865
4707,174.7832244
4708,173.8795589
4709,180.549656
4710,159.0869503
4711,169.2717006
4712,172.6018588
4713,168.856179
4714,173.8878117
4715,174.6982428
4716,171.0961115
4717,163.6598455
4718,175.3322944
4719,176.8754736
4720,170.8257236
4721,170.2066631
4722,174.35492
4723,176.794767
4724,168.6121988
4725,175.4672962
4726,171.7358566
4727,168.6523074
4728,175.3514646
4729,164.4574147
4730,180.6303515
4731,172.7267137
4732,173.4264052
4733,171.4167686
4734,163.6655861
4735,171.8094117
4736,170.3327487
4737,177.346725
4738,171.9783887
4739,170.5194987
4740,168.9911402
4741,173.2502123
4742,165.8029439
4743,167.4428358
4744,169.4668911
4745,172.359344
4746,176.6605833
4747,175.9509182
4748,171.7068219
4749,161.9502477
4750,162.2619756
4751,170.8267497
4752,172.378321
4753,167.1331071
4754,167.9354435
4755,167.9435332
4756,174.5301345
4757,172.7427817
4758,169.9995103
4759,184.179276
4760,165.2728929
4761,172.8787803
4762,174.1656437
4763,174.5930866
4764,170.6654398
4765,176.5564841
4766,176.4626549
4767,168.411176
4768,178.32846
4769,167.0386395
4770,172.8476742
4771,178.9739897
4772,177.3901829
4773,165.7964496
4774,174.2160997
4775,172.0320799
4776,167.0438483
4777,171.9762752
4778,175.3051364
4779,166.3570765
4780,170.0206319
4781,168.8297774
4782,175.4941368
4783,178.9843565
4784,170.135078
4785,177.0862154
4786,178.7277361
4787,170.6618665
4788,175.730889
4789,165.8933966
4790,177.2479669
4791,168.2187975
4792,175.7153469
4793,170.6880365
4794,170.9137269
4795,161.6679336
4796,171.4824876
4797,172.320825
4798,178.8444449
4799,171.3875518
4800,173.868084
4801,167.3605846
4802,176.5503969
4803,171.1633575
4804,170.1523942
4805,173.6160821
4806,167.1398655
4807,167.1523044
4808,163.9866556
4809,172.6289445
4810,180.8796447
4811,181.5975882
4812,175.7322661
4813,169.5171432
4814,170.6017437
4815,168.1748409
4816,168.7771219
4817,177.0070568
4818,180.2601134
4819,174.614432
4820,171.8314985
4821,172.2955878
4822,163.8717687
4823,181.3390165
4824,165.9888075
4825,177.687683
4826,174.9903276
4827,171.1499355
4828,169.0865102
4829,183.3821375
4830,179.4986445
4831,180.7753402
4832,176.7069151
4833,170.732806
4834,162.7036487
4835,174.7913038
4836,175.1867
4837,167.9267798
4838,169.4922499
4839,168.9527866
4840,165.6623926
4841,174.5135771
4842,162.833149
4843,175.3015272
4844,172.1525914
4845,165.6813264
4846,173.7736075
4847,175.408944
4848,166.1417553
4849,173.1201013
4850,173.3691218
4851,163.8590795
4852,173.8731954
4853,171.6755044
4854,170.3053074
4855,164.9415839
4856,175.7514679
4857,163.4226895
4858,171.7544843
4859,171.2842929
4860,177.0008053
4861,170.0624755
4862,177.1260149
4863,180.6889931
4864,174.4929241
4865,178.2487886
4866,166.4503813
4867,175.09665
4868,167.6115255
4869,174.1091813
4870,173.4574888
4871,178.2378704
4872,163.1667979
4873,170.8477282
4874,179.284749
4875,183.3522854
4876,168.678904
4877,180.5177785
4878,176.1591616
4879,172.6461124
4880,169.8530178
4881,170.8095235
4882,177.4768443
4883,180.1888685
4884,175.6666309
4885,164.9921555
4886,175.6147553
4887,169.381966
4888,172.489663
4889,171.9817083
4890,176.9946329
4891,174.4609356
4892,170.8845769
4893,170.3421828
4894,172.6329947
4895,177.9722608
4896,169.8530553
4897,167.0860436
4898,184.9889525
4899,174.9296206
4900,174.3398395
4901,173.7696872
4902,169.8057953
4903,169.0505359
4904,176.8693695
4905,171.8987516
4906,176.4696427
4907,167.5506966
4908,174.1531948
4909,177.0229503
4910,171.0909195
4911,181.9634265
4912,173.8794284
4913,181.4499076
4914,178.6704001
4915,177.6443887
4916,171.295701
4917,174.379477
4918,168.9346198
4919,170.8595769
4920,178.9993848
4921,171.324406
4922,175.3905353
4923,179.1668431
4924,181.6993772
4925,178.0268667
4926,161.920063
4927,161.6925634
4928,164.3211144
4929,168.7605854
4930,168.0606474
4931,174.6217406
4932,173.950914
4933,170.8733979
4934,171.6839403
4935,172.0412989
4936,167.1689603
4937,177.4059632
4938,168.1155507
4939,180.4719704
4940,176.0078548
4941,162.8600857
4942,179.8557253
4943,175.2091238
4944,177.8485634
4945,160.2713769
4946,171.7393278
4947,165.5464247
4948,171.4967866
4949,173.1862548
4950,167.4734433
4951,159.8617521
4952,170.6643261
4953,165.7482712
4954,175.4612742
4955,173.3447723
4956,168.0214714
4957,173.9652501
4958,177.4306767
4959,170.6572938
4960,170.6167962
4961,173.3213144
4962,182.0715717
4963,167.948054
4964,181.5941657
4965,170.9353066
4966,173.7512468
4967,169.0035571
4968,176.8011724
4969,176.4846764
4970,164.8175677
4971,174.1853036
4972,159.5785001
4973,177.3864814
4974,174.0827143
4975,176.5026731
4976,169.0522883
4977,171.5413395
4978,173.8434773
4979,164.6578492
4980,162.1407625
4981,167.5937348
4982,180.1058512
4983,179.1525104
4984,178.19588
4985,170.3886935
4986,164.9753573
4987,178.1801984
4988,171.6247405
4989,171.9413107
4990,176.5489429
4991,166.2459156
4992,161.8045882
4993,172.7421818
4994,176.8218978
4995,170.9378716
4996,169.8677492
4997,170.3541115
4998,166.9940879
4999,177.435747
5000,168.919001
